Subject,Predicate,Object,stv,MturkTruth
Nigel_Cole,isMarriedTo,Kate_Isitt,0.9350595474,1
Véra_Clouzot,isMarriedTo,Henri-Georges_Clouzot,0.4773990512,1
Norodom_Sihanouk,produced,The_Last_Days_of_Colonel_Savath,0.3942225575,1
Ryan_Reynolds,isMarriedTo,Emily_Clark,0.5376727517,0
Farouk_of_Egypt,isMarriedTo,Farida_of_Egypt,0.4276426733,1
Jacques_Feyder,isMarriedTo,Françoise_Rosay,0.4199478924,1
Alex_Chandon,directed,Chainsaw_Scumfuck,0.4796206057,1
Rita_Wilson,isMarriedTo,Tom_Hanks,0.4010510445,1
Iain_Softley,directed,Backbeat__film_,0.4356231987,1
Lotte_Reiniger,directed,The_Adventures_of_Prince_Achmed,0.4211626053,1
Elmar_Klos,directed,The_Shop_on_Main_Street,0.5507027507,1
Ashton_Kutcher,isMarriedTo,Demi_Moore,0.3425098658,1
Donald_Knuth,isKnownFor,MMIX,0.4699082375,1
Tony_Bui,produced,Three_Seasons,0.4276425838,1
Denis_Héroux,created,Naked_Massacre,0.4175682068,1
Alan_Rudolph,directed,Love_at_Large,0.4063876569,1
Arthur_Rankin,directed,_Jr._The_Mad__Mad__Mad_Comedians,0.4815536439,1
Riazuddin__physicist_,livesIn,Islamabad,0.4255672097,1
Joseph_Bonaparte,isMarriedTo,Julie_Clary,0.4276425838,1
Jean-Pierre_Bekolo,directed,Les_Saignantes,0.4276425838,1
François_Dupeyron,directed,The_Officers'_Ward__film_,0.3425099254,1
Robert_Sterling,isMarriedTo,Anne_Jeffreys,0.4849284887,1
Eleanor_of_Castile,isMarriedTo,Edward_I_of_England,0.4717358947,1
Rodney_Dangerfield,created,Rover_Dangerfield,0.982727468,1
Brittney_Spears,isMarriedTo,George_Clooney,0.4236524352,0
Victor_Salva,directed,Jeepers_Creepers_2,0.4333811402,1
Vlad_III_the_Impaler,isMarriedTo,Ilona_Szilágyi,0.4436547458,1
Janelle_Timmins,isMarriedTo,Allan_Steiger,0.4276425838,1
Gus_Aitoro,isMarriedTo,Natalia_Rivera_Aitoro,0.4276425838,1
Germaine_of_Foix,isMarriedTo,Ferdinand_II_of_Aragon,0.4276425838,1
King_Vidor,directed,Our_Daily_Bread__1934_film_,0.732712388,1
Joke_Silva,isMarriedTo,Olu_Jacobs,0.4877203405,1
Edna_Manley,isMarriedTo,Norman_Manley,0.4118062258,1
Marshall_Brickman,created,Simon__1980_film_,0.4480448067,1
Trip_Hawkins,isKnownFor,Electronic_Arts,0.457752645,1
Tiberius,isMarriedTo,Julia_the_Elder,0.5041660666,1
Frederick_VIII_of_Denmark,isMarriedTo,Louise_of_Sweden,0.8837143779,1
Arlene_Alda,isMarriedTo,Alan_Alda,0.4333197474,1
Luis_Bayón_Herrera,produced,Jettatore,0.3425099254,1
Arthur_Rankin,created,_Jr._The_Daydreamer,0.5776337981,1
Ishirō_Honda,created,Destroy_All_Monsters,0.4276425838,1
Norodom_Sihanouk,created,My_Village_at_Sunset,0.4413212836,1
Abel_Gance,directed,Louise__film_,0.4150431454,1
Prince_Pedro_Henrique_of_Orléans-Braganza,isMarriedTo,Princess_Maria_Elisabeth_of_Bavaria,0.5555528402,1
Victor_Salva,created,Jeepers_Creepers_2,0.4203598499,1
Rex_Balsom,isMarriedTo,Jennifer_Rappaport,0.4224498272,1
Emilio_Fernández,directed,La_Choca,0.4592462182,1
Emilio_Fernández,directed,Siempre_tuya,0.3957529068,1
Fuad_I_of_Egypt,isMarriedTo,Nazli_Sabri,0.938126862,1
Janelle_Timmins,isMarriedTo,Kim_Timmins,0,1
Georg_Balthasar_Metzger,hasAcademicAdvisor,Johann_Georg_Macasius,0.9669585824,1
Jessica_Buchanan,isMarriedTo,Nash_Brennan,0.8695389628,1
John_McCarthy__computer_scientist_,created,Lisp__programming_language_,0.4276426435,1
David_E._Durston,directed,I_Drink_Your_Blood,0.3425098658,1
Donald_Knuth,created,MMIX,0.3425098956,1
Jacques_Feyder,directed,Le_Grand_Jeu__1934_film_,0.4276425838,1
Paul_Spence,created,FUBAR__film_,0.4474327564,1
Grand_Duke_Michael_Nikolaevich_of_Russia,isMarriedTo,Olga_Feodorovna_of_Baden,0.3843609095,1
Dave_McKean,directed,MirrorMask,0.3425099254,1
Cynthia_Stone,isMarriedTo,Cliff_Robertson,0.9313514829,1
Joss_Whedon,created,Goners,0.4232328534,1
Frederick_William_IV_of_Prussia,isMarriedTo,Elisabeth_Ludovika_of_Bavaria,0,1
Emilio_Fernández,directed,Rosanna__film_,0.4647269249,1
Ludovico_Sforza,isMarriedTo,Beatrice_d'Este,0.6793269515,1
Warren_Beatty,actedIn,Bulworth,0.3425098956,1
Craig_Ferguson,actedIn,I'll_Be_There__film_,0.490793407,1
Zhang_Youyi,isMarriedTo,Xu_Zhimo,0.4933775365,1
Ronald_Reagan,isMarriedTo,Jane_Wyman,0.4276425838,1
Michael_Dowse,directed,Kids_in_America__2011_film_,0.4276425838,1
Connie_Booth,isMarriedTo,John_Cleese,0.4815536439,1
James_Franklin__printer_,isMarriedTo,Ann_Smith_Franklin,0.3425098956,1
John_Cleese,isMarriedTo,Alyce_Faye_Eichelberger,0.0183984041,1
Charlotte_of_Belgium,isMarriedTo,Maximilian_I_of_Mexico,0.9670629501,1
Rod_Steiger,isMarriedTo,Claire_Bloom,0.4223959744,1
Warren_Beatty,created,Love_Affair__1994_film_,0.4280959964,1
Leonid_Trauberg,directed,The_Youth_of_Maxim,0.9676724672,1
Princess_Märtha_of_Sweden,isMarriedTo,Olav_V_of_Norway,0.4276425838,1
Jeremy_Sisto,isMarriedTo,Marisa_Ryan,0.4997343421,1
Mai_Zetterling,created,Doctor_Glas__film_,0,1
Anna_Lee,isMarriedTo,Robert_Stevenson__director_,0.4100763798,1
Jaromil_Jireš,created,The_Cry__1963_film_,0.4276425838,1
Jerzy_Jurandot,isMarriedTo,Stefania_Grodzieńska,0.4276426435,1
Cleve_Moler,isKnownFor,MATLAB,0.8984289169,1
Jack_Lemmon,isMarriedTo,Cynthia_Stone,0.5752775669,1
Henri-Georges_Clouzot,directed,Manon__film_,0.4972651005,1
Ludwig_III_of_Bavaria,isMarriedTo,Maria_Theresa_of_Austria-Este__1849–1919_,0.420517385,1
Noboru_Iguchi,created,The_Machine_Girl,0.577495873,1
François_Dupeyron,created,The_Officers'_Ward__film_,0.3425098658,1
Stephen_King,isMarriedTo,Tabitha_King,0.4757404923,1
Prince_Hassan_bin_Talal,isMarriedTo,Princess_Sarvath_El_Hassan,0.4439871311,1
Sebastian_Arcelus,isMarriedTo,Stephanie_J._Block,0.4096707106,1
Rajan_Khosa,created,Dance_of_the_Wind,0.5557355881,1
Abel_Gance,directed,Le_droit_à_la_vie,0.4276425838,1
Robin_Williams,actedIn,Mrs._Doubtfire,0.4319654405,1
Augustus_III_of_Poland,isMarriedTo,Maria_Josepha_of_Austria,0.5616229773,1
Antonia_Fraser,isMarriedTo,Harold_Pinter,0.4272727966,1
Arthur_Rankin,produced,_Jr._The_Mad__Mad__Mad_Comedians,0.3425098658,0
Ilona_Szilágyi,isMarriedTo,Vlad_III_the_Impaler,0.4177514613,1
Agrippina_the_Elder,isMarriedTo,Germanicus,0,1
Andrew_I_of_Hungary,isMarriedTo,Anastasia_of_Kiev,0.4276425838,1
Charles_Montague_Cooke,isMarriedTo,Anna_Rice_Cooke,0.9446027875,1
Daniel_C._Miller,livesIn,Harrisburg__Pennsylvania,0.3838253021,1
Adam_Chandler,isMarriedTo,Brooke_English,0.4069427848,1
Una_Stubbs,isMarriedTo,Peter_Gilmore,0.4258359373,1
Ola_Rapace,isMarriedTo,Noomi_Rapace,0.4276425838,1
Riazuddin__physicist_,worksAt,Pakistan_Atomic_Energy_Commission,0.4946915507,1
Grand_Duchess_Olga_Alexandrovna_of_Russia,isMarriedTo,Nikolai_Kulikovsky,0.4276425838,1
Charles_XV_of_Sweden,isMarriedTo,Louise_of_the_Netherlands,0.4036328793,1
Emperor_Zhao_of_Han,isMarriedTo,Grand_Empress_Dowager_Shangguan,0.982727468,1
Quentin_Tarantino,actedIn,From_Dusk_till_Dawn,0.7028428912,1
Natalia_Rivera_Aitoro,hasChild,Gus_Aitoro,0.4177514613,1
Artie_Lange,created,Artie_Lange's_Beer_League,0.4276425838,1
Abel_Gance,created,Le_périscope,0.5059745312,1
Rambhai_Barni,isMarriedTo,Prajadhipok,0.4241536558,1
Kenneth_Branagh,created,The_Magic_Flute__2006_film_,0.4803345203,1
Warren_Beatty,actedIn,Reds__film_,0.9831138849,1
Alex_Chandon,directed,Pervirella,0.4251102806,1
Alan_Alda,directed,War_of_Nerves__M*A*S*H_,0.4276425838,1
T._B._Walker,isMarriedTo,Harriet_G._Walker,0.6213507652,1
Becky_Stark,created,Califunya,0.3425099254,1
Lauren_Holly,isMarriedTo,Jim_Carrey,0.4106097221,1
Gus_Aitoro,isMarriedTo,Harley_Cooper,0.4276425838,1
Gertrude_of_Hohenburg,isMarriedTo,Rudolph_I_of_Germany,0.458126992,1
Michael_Bell__mayor_,isLeaderOf,Toledo__Ohio,0.3425099254,1
Harold_Pinter,isMarriedTo,Antonia_Fraser,0.4474327564,1
Cliff_Robertson,created,J._W._Coop,0.5745307803,1
Norman_Mailer,created,Maidstone__film_,0.982727468,1
Yves_Angelo,created,Colonel_Chabert__1994_film_,0.4711261094,1
Abel_Gance,created,The_Torture_of_Silence,0.4791519642,1
Steven_E._de_Souza,directed,Arnold's_Wrecking_Co.,0.4276425838,1
Danielle_Spencer__Australian_singer_,isMarriedTo,Russell_Crowe,0.4182900488,1
Kenneth_Branagh,directed,Peter's_Friends,0.4531171322,1
Neela_Rasgotra,isMarriedTo,Michael_Gallant,0,1
Warren_Beatty,directed,Bulworth,0.3425099254,1
Robert_Stevenson__director_,isMarriedTo,Anna_Lee,0.4425321817,1
Ferdinand_II_of_Aragon,isMarriedTo,Germaine_of_Foix,0.4276425838,1
Comoros,hasOfficialLanguage,Arabic_language,0.4469013214,1
Martin_Lawrence,created,You_So_Crazy,0.4608598053,1
Prunella_Scales,isMarriedTo,Timothy_West,0.4276425838,1
Una_Stubbs,isMarriedTo,Nicky_Henson,0.4276426435,1
Alfonso_XII_of_Spain,isMarriedTo,Maria_Christina_of_Austria,0.4276425838,1
Cliff_Robertson,isMarriedTo,Dina_Merrill,0.9671886563,1
Éric_Rochant,created,The_Patriots__film_,0.982727468,1
Lucas_Belvaux,directed,La_Raison_du_plus_faible,0.4276425838,1
Gloria_Stuart,isMarriedTo,Arthur_Sheekman,0.4373797476,1
Jacques_Feyder,directed,Carnival_in_Flanders__film_,0.4276425838,1
Jessica_Buchanan,isMarriedTo,Antonio_Vega,0.9669585228,1
Lucas_Belvaux,directed,Rapt__2009_film_,0.4276425838,1
King_Vidor,created,Bud's_Recruit,0.3425099254,1
Gus_Aitoro,hasChild,Natalia_Rivera_Aitoro,0.0425525307,0
Carol_Jackson,hasChild,Billie_Jackson,0.7709921002,1
Leonor_Telles_de_Menezes,isMarriedTo,Ferdinand_I_of_Portugal,0.4276425838,1
Maria_Christina_of_the_Two_Sicilies,isMarriedTo,Ferdinand_VII_of_Spain,0.8973062038,1
Louise_Dresser,isMarriedTo,Jack_Norworth,0.4633500576,1
Jean_Case,isMarriedTo,Steve_Case,0,1
Kenneth_Branagh,directed,The_Magic_Flute__2006_film_,0.3425099254,1
Sarah_Mlynowski,isCitizenOf,Canada,0.3906817138,1
Jerry_Seinfeld,actedIn,Bee_Movie,0.4276425838,1
Michael_Dowse,directed,It's_All_Gone_Pete_Tong,0.817751199,1
Alan_Alda,created,War_of_Nerves__M*A*S*H_,0.4317400455,1
Rex_Harrison,isMarriedTo,Lilli_Palmer,0.3425099254,1
Harry_Hughes,isMarriedTo,Patricia_Donoho_Hughes,0.4276425838,1
Peter_Gilmore,isMarriedTo,Una_Stubbs,0.4148673415,1
Václav_Havel,isMarriedTo,Olga_Havlová,0.4096849859,1
Raymond_Bernard,directed,Les_Misérables__1934_film_,0.982727468,1
Demi_Moore,isMarriedTo,Ashton_Kutcher,0.4376773834,1
Abel_Gance,created,End_of_the_World__1931_film_,0.4177514613,1
Nasser_Taghvai,created,Captain_Khorshid,0.4254780412,1
John_McCarthy__computer_scientist_,isKnownFor,Lisp__programming_language_,0.0439568236,1
Lucas_Belvaux,created,Rapt__2009_film_,0.5555528402,1
Andrew_Lane,created,Jake_Speed,0.4276425838,1
Michael_Gallant,isMarriedTo,Neela_Rasgotra,0.4335386753,1
Marshall_Brickman,directed,The_Manhattan_Project__film_,0.4782646,1
Maria_Amalia_of_Saxony,isMarriedTo,Charles_III_of_Spain,0.7350572348,1
Jill_Hennessy,actedIn,The_Acting_Class,0.3854899704,1
Ali_Selim,directed,Sweet_Land,0.4140322506,1
Jeremy_Sumpter,isMarriedTo,Tasha_White,0.4546256343,0
Princess_Joséphine_Caroline_of_Belgium,isMarriedTo,Prince_Karl_Anton_of_Hohenzollern,0.4276425838,1
Anna_Rice_Cooke,hasChild,Charles_Montague_Cooke__Jr.,0.676726222,1
Princess_Anne_of_Denmark,isMarriedTo,Prince_George_Valdemar_of_Denmark,0.4276425838,1
Marco_Ferreri,directed,El_Cochecito,0.8683667182,1
Tamiliam_Subas,produced,Vanni_Mouse,0.5680817366,1
Abel_of_Denmark,isMarriedTo,Matilda_of_Holstein,0.3849108219,1
Emilie_Schindler,isMarriedTo,Oskar_Schindler,0.9101629555,1
Michael_Dowse,produced,FUBAR__film_,0.4698159695,1
Ali_Selim,produced,Sweet_Land,0.3425099254,1
Alexandra_of_Denmark,isMarriedTo,Edward_VII_of_the_United_Kingdom,0.5105772614,1
Frank_D._Gilroy,produced,Desperate_Characters,0.4944609404,1
Zara_Salim_Davidson,isMarriedTo,Raja_Nazrin_Shah,0.4010510743,1
Norodom_Sihanouk,directed,My_Village_at_Sunset,0.9453274012,1
Annie_Lavery,isMarriedTo,Ryan_Lavery,0.4276425838,1
John_Wayne,isMarriedTo,Pilar_Pallete,0.3425099254,1
Maria_Adelaide_of_Austria,isMarriedTo,Victor_Emmanuel_II_of_Italy,0.4372947514,1
Rahul_Mahajan__Reality_TV_Personality_,isMarriedTo,Dimpy_Mahajan,0.4394207299,1
Kevin_McNally,isMarriedTo,Phyllis_Logan,0.4373797476,1
Jessica_Buchanan,hasChild,Nash_Brennan,0.8874343634,1
Abel_Gance,directed,La_Folie_du_Docteur_Tube,0.4276425838,1
Sandra_Goldbacher,directed,The_Governess,1,1
Noomi_Rapace,isMarriedTo,Ola_Rapace,0.5745307803,1
Bert_Haanstra,produced,Alleman__film_,0.6545621157,1
David_Mamet,directed,House_of_Games,0.4804060459,1
Maija_DiGiorgio,created,Bitter_Jester,0.4203598499,1
Ryan_Lavery,isMarriedTo,Annie_Lavery,0.4276425838,1
Maria_Augimeri,isMarriedTo,Odoardo_Di_Santo,0.3988951147,1
Tabitha_King,isMarriedTo,Stephen_King,0.3425098956,1
Tonia_Marketaki,created,Crystal_Nights,0.9663606882,1
Jacques_Doillon,created,Family_Life__1985_film_,0.4962947369,1
Mitch_Laurence,isMarriedTo,Natalie_Buchanan,0.4856135547,1
Princess_Sophie_of_Saxony,isMarriedTo,Duke_Karl-Theodor_in_Bavaria,0.4096849859,1
Ferdinand_II_of_the_Two_Sicilies,isMarriedTo,Maria_Christina_of_Savoy,0.1047774255,1
Rupert_Murdoch,isMarriedTo,Wendi_Deng,0.9177426696,1
Manny_Villar,isMarriedTo,Cynthia_Villar,0.3425099254,1
Theodore_Roosevelt,isMarriedTo,Alice_Hathaway_Lee_Roosevelt,0.4207159579,1
Henri-Georges_Clouzot,created,The_Wages_of_Fear,0.5012188554,1
King_Vidor,directed,Better_Times__1919_film_,0.3425099254,1
Robert_Taylor__actor_,isMarriedTo,Ursula_Thiess,0.4747208953,1
Leonid_Trauberg,directed,Simple_People,0.3425099254,1
Gloria_Marsh,isMarriedTo,Dimitri_Marick,0.4402164221,1
Jon_Hall,isMarriedTo,Frances_Langford,0.4825210571,1
Burt_Reynolds,isMarriedTo,Judy_Carne,0.4310207367,1
Michael_Dowse,created,FUBAR__film_,0.4461698532,1
Louis_IX_of_France,isMarriedTo,Margaret_of_Provence,0.4259463549,1
Alexandra_Wentworth,isMarriedTo,George_Stephanopoulos,0.4276425838,1
Erica_Kane,isMarriedTo,Jackson_Montgomery,0.9015904665,1
Cécile_de_Maron,isMarriedTo,Leonard_von_Lahnstein,0.416775465,1
Barbara_Rush,isMarriedTo,Jeffrey_Hunter,0.4106097221,1
Guangxu_Emperor,isMarriedTo,Empress_Dowager_Longyu,0.4276425838,1
Barack_Obama,isMarriedTo,Michelle_Obama,0.6512963176,1
Louise_of_Sweden,isMarriedTo,Frederick_VIII_of_Denmark,0.4342404902,1
Ted_Hartley,isMarriedTo,Dina_Merrill,0.4470141232,1
Leonid_Trauberg,created,The_Youth_of_Maxim,0.4160688221,1
Prince_Franz_of_Bavaria,isMarriedTo,Princess_Isabella_Antonie_of_Croÿ,0.4793457985,1
Robert_Kardashian,isMarriedTo,Kris_Jenner,0.5499971509,1
Marco_Ferreri,created,The_Ape_Woman,0.4210640192,1
Abel_Gance,created,J'accuse!__1938_film_,0.5185357928,1
Erica_Kane,isMarriedTo,Dimitri_Marick,0.4570745528,1
Mercedes_of_Orléans,isMarriedTo,Alfonso_XII_of_Spain,0.6529961824,1
Kevin_Munroe,created,Teenage_Mutant_Ninja_Turtles__film_series_,0.4276425838,1
Queen_Sonja_of_Norway,isMarriedTo,Harald_V_of_Norway,0.4633438587,1
Paul_Auster,created,Blue_in_the_Face,0.4143872857,1
Claire_Bloom,isMarriedTo,Rod_Steiger,0.3942225575,1
Francis_I_of_the_Two_Sicilies,isMarriedTo,Archduchess_Maria_Clementina_of_Austria,0.4276424348,1
Princess_Isabella_Antonie_of_Croÿ,isMarriedTo,Prince_Franz_of_Bavaria,0.5357314348,1
Neela_Rasgotra,isMarriedTo,Tony_Gates,0.5105772614,1
Arthur_Miller,isMarriedTo,Marilyn_Monroe,0.4327291846,1
Dorian_Lord,isMarriedTo,David_Vickers,0.4276425838,1
Mary_Lee_Woods,isMarriedTo,Conway_Berners-Lee,0.4276425838,1
Donald_Knuth,isKnownFor,The_Art_of_Computer_Programming,0.3425099552,1
Princess_Beatrice_of_the_United_Kingdom,isMarriedTo,Prince_Henry_of_Battenberg,0.5567080975,1
Abdullah_I_of_Jordan,isMarriedTo,Musbah_bint_Nasser,0.5745271444,1
Sheldon_Reynolds__producer_,created,Killer's_Carnival,0.4356232285,1
Vera_Nabokov,isMarriedTo,Vladimir_Nabokov,0.4134325385,1
Eddie_Griffin,actedIn,Dysfunktional_Family,0.7281428576,1
William_IV_of_the_United_Kingdom,isMarriedTo,Adelaide_of_Saxe-Meiningen,0.4276425838,1
Emilio_Fernández,directed,Río_Escondido__1948_film_,0.4141927063,1
Frank_Buck__animal_collector_,isMarriedTo,Amy_Leslie,0.4276425838,1
Alex_Chandon,actedIn,Chainsaw_Scumfuck,0.4060115814,1
Guy_Ritchie,created,The_Hire,0.4276425838,1
Saeed_Akhtar_Mirza,created,Arvind_Desai_Ki_Ajeeb_Dastaan,0.3425099552,1
Leonid_Trauberg,directed,Alone__1931_film_,0.3425099254,1
Warren_Beatty,produced,Dick_Tracy__1990_film_,0.5135737658,1
Abel_Gance,created,The_Ironmaster,0.4276425838,1
Jaya_Bachchan,isMarriedTo,Amitabh_Bachchan,0.6013643742,1
Chris_Rock,actedIn,I_Think_I_Love_My_Wife,0.3425098956,1
Kazakhstan,hasOfficialLanguage,Cantonese,0.4650193875,0
Vilsoni_Hereniko,directed,The_Land_Has_Eyes,0.3425099254,1
Masud_Ahmad,hasAcademicAdvisor,Riazuddin__physicist_,0.3425098658,1
Joe_McStravick,directed,Murphy_771,0.4803345799,1
Warren_Beatty,produced,Reds__film_,0.3425099254,1
Isabel_Coixet,created,My_Life_Without_Me,0.3993825912,1
Henri-Georges_Clouzot,directed,La_Vérité__film_,0.4453089833,1
Parris_Glendening,isMarriedTo,Frances_Hughes_Glendening,0.4453089833,1
Sigismund_III_Vasa,isMarriedTo,Constance_of_Austria,0.982727468,1
Paul_Spence,actedIn,FUBAR_2__film_,0.4276425838,1
Cliff_Robertson,directed,J._W._Coop,0.3425099254,1
Farida_of_Egypt,isMarriedTo,Farouk_of_Egypt,0.5236159563,1
Kris_Jenner,isMarriedTo,Bruce_Jenner,0.5745577812,1
Louise_of_Hesse-Kassel,isMarriedTo,Christian_IX_of_Denmark,0.3425099254,1
Olu_Jacobs,isMarriedTo,Joke_Silva,0.5602130294,1
Ward_Kimball,produced,Man_in_Space,0.4250917435,1
Gabrielle_Giffords,isMarriedTo,Mark_E._Kelly,0.4328060746,1
King_Vidor,directed,Three_Wise_Fools__1923_film_,0.3425099254,1
Frederick_Kagan,isMarriedTo,Kimberly_Kagan,0.4413212836,1
Maurice_Cloche,created,La_Portatrice_di_pane__1950_film_,0.5152810812,1
Giuseppe_Colizzi,created,All_the_Way__Boys,0.5424413681,1
Maria_Theresa_of_Austria-Este__1849–1919_,isMarriedTo,Ludwig_III_of_Bavaria,0.4393692613,1
Warren_Beatty,produced,Love_Affair__1994_film_,0.4869787395,1
Charles_Emmanuel_III_of_Sardinia,isMarriedTo,Countess_Palatine_Anne_Christine_of_Sulzbach,0.519942224,1
Isabella_of_Angoulême,isMarriedTo,John_of_England,0.4519806504,1
Rod_Lurie,created,The_Contender__2000_film_,0.5061612129,1
Becky_Stark,directed,Califunya,0.4608120918,1
Beadie_Russell,isMarriedTo,Jimmy_McNulty,0.3425098658,1
Sancho_I_of_Portugal,isMarriedTo,Dulce_of_Aragon,0.5809990764,1
Ferdinand_VII_of_Spain,isMarriedTo,Maria_Josepha_of_Saxony,0.6890217066,1
King_Vidor,directed,His_Hour,0.3425099552,1
Clare_Simmons,isMarriedTo,Gary_Britton,0.3666457367,0
Elizabeth_the_Cuman,isMarriedTo,Stephen_V_of_Hungary,0.3425099254,1
Norma_Shearer,isMarriedTo,Irving_Thalberg,0.4870060384,1
Norman_Mailer,produced,Maidstone__film_,0.3425099254,1
R._Kannan,created,Jayamkondaan,0.9831727743,0
Gregor_Spear,directed,Eat_Pray_Love,0.4888726737,0
Warren_Beatty,isMarriedTo,Annette_Bening,0.4148673415,1
René_of_Anjou,isMarriedTo,Jeanne_de_Laval,0.9831944108,1
Victor_Salva,created,Clownhouse,0.4276425838,1
Emily_McLaughlin,isMarriedTo,Jeffrey_Hunter,0.4547978938,1
Masud_Ahmad,livesIn,Islamabad_Capital_Territory,0.4952133596,1
Esperanza_Baur,isMarriedTo,John_Wayne,0.4276425838,1
Hank_Gannon,isMarriedTo,Nora_Hanen,0.4454883635,1
Emilio_Fernández,created,Siempre_tuya,0.4276425838,1
Giuseppe_Colizzi,directed,All_the_Way__Boys,0.4808550179,1
Adam_Cheng,isMarriedTo,Lydia_Shum,0.4587928355,1
Alex_Chandon,created,Bad_Karma__1991_film_,0.4762486219,1
Prince_Feodor_Alexandrovich_of_Russia,isMarriedTo,Irina_Pavlovna_Paley,0.3425098658,1
Prince_Axel_of_Denmark,isMarriedTo,Princess_Margaretha_of_Sweden,0.3425098658,1
Madonna__entertainer_,produced,I'm_Going_to_Tell_You_a_Secret,0.982727468,1
Kay_Kendall,isMarriedTo,Rex_Harrison,0.4276425838,1
Świętosława_of_Poland,isMarriedTo,Vratislaus_II_of_Bohemia,0.4901762009,1
Robin_Williams,produced,Mrs._Doubtfire,0.4276425838,1
Bert_Haanstra,created,Mirror_of_Holland,0.4634473324,1
Jimmy_McNulty,isMarriedTo,Beadie_Russell,0.4633438587,1
Cynthia_Villar,isMarriedTo,Manny_Villar,0.9922053218,1
Vajiravudh,isMarriedTo,Suvadhana,0.4584923983,1
Yılmaz_Güney,created,Zavallılar,0.4276425838,1
Christian_IX_of_Denmark,isMarriedTo,Louise_of_Hesse-Kassel,0.4276426435,1
Noboru_Iguchi,created,Oira_Sukeban,0.3838253021,1
Rodney_Dangerfield,produced,Rover_Dangerfield,0.9662021995,1
David_E._Durston,created,I_Drink_Your_Blood,0.9347850084,1
Princess_Firyal_of_Jordan,isMarriedTo,Prince_Muhammad_bin_Talal,0.4950791299,1
Princess_Léa_of_Belgium,isMarriedTo,Prince_Alexander_of_Belgium,0.4232328534,1
Princess_Helena_of_the_United_Kingdom,isMarriedTo,Prince_Christian_of_Schleswig-Holstein,0.5702466965,1
Annette_Bening,isMarriedTo,Warren_Beatty,0.4402164519,1
Maximilian_I_of_Mexico,isMarriedTo,Charlotte_of_Belgium,0.3425098956,1
Paul_Spence,produced,FUBAR_2__film_,0.5999705195,1
Marissa_Tasker,isMarriedTo,JR_Chandler,0.4158460498,1
Grand_Duke_Michael_Alexandrovich_of_Russia,isMarriedTo,Natalia_Brasova,0.3843609095,1
Jamil_Dehlavi,created,The_Blood_of_Hussain,0.3854900301,1
Siva_Selliah,livesIn,Colombo,0.9289007187,1
Warren_Beatty,created,Reds__film_,0.531080544,1
Françoise_Rosay,isMarriedTo,Jacques_Feyder,0.3854899704,1
Edward_VII_of_the_United_Kingdom,isMarriedTo,Alexandra_of_Denmark,0.4264072776,1
Jennifer_Rappaport,hasChild,Joey_Buchanan,0.4169698358,1
Abel_Gance,created,Barberousse,0.4106097221,1
Saeed_Akhtar_Mirza,created,Salim_Langde_Pe_Mat_Ro,0.4577527046,1
Henri-Georges_Clouzot,created,Manon__film_,0.4720713198,1
Lilli_Palmer,isMarriedTo,Carlos_Thompson,0.57194978,1
Demi_Moore,isMarriedTo,Bruce_Willis,0.3986256123,1
Patricia_Wettig,isMarriedTo,Ken_Olin,0.4276425838,1
Peter_IV_of_Aragon,isMarriedTo,Eleanor_of_Sicily,0.4160600603,1
Alexandre_Astruc,created,The_Crimson_Curtain,0.4276426435,1
Egypt,hasOfficialLanguage,Ahmaric,0.4326156284,0
Miguel_Lopez-Fitzgerald,isMarriedTo,Kay_Bennett,0.9380303621,1
Jorge_Lanata,directed,Deuda,0.4276425838,1
Jacques_Feyder,created,Carnival_in_Flanders__film_,0.5198202729,1
Judith_of_Habsburg,isMarriedTo,Wenceslaus_II_of_Bohemia,0.415591836,1
Grand_Duke_Alexander_Mikhailovich_of_Russia,isMarriedTo,Grand_Duchess_Xenia_Alexandrovna_of_Russia,0.4667284191,1
Archduke_Charles_Stephen_of_Austria,isMarriedTo,Archduchess_Maria_Theresa_of_Austria__1862–1933_,0.4276425838,1
Tina_Lord,isMarriedTo,Cord_Roberts,0.4276426435,1
Luis_Bayón_Herrera,created,Buenos_Aires_a_la_vista,0.5166307688,1
Marie_José_of_Belgium,isMarriedTo,Umberto_II_of_Italy,0.4491711259,1
Raquel_Torres,isMarriedTo,Jon_Hall,0.4807017744,1
Hortense_de_Beauharnais,isMarriedTo,Louis_Bonaparte,0.5166307092,1
Sean_Penn,isMarriedTo,Robin_Wright_Penn,0.4276425838,1
Serge_Gainsbourg,directed,Je_t'aime..._moi_non_plus__film_,0.9669585228,1
Emilio_Fernández,created,Maclovia__1948_film_,0.4225498736,1
King_Vidor,directed,The_Turn_in_the_Road,0.3425099254,1
Phillip_Spaulding,hasChild,Harley_Cooper,0.4250917435,1
Michael_Tolkin,created,The_Rapture__film_,0.8382523059,1
Gustav_IV_Adolf_of_Sweden,isMarriedTo,Frederica_of_Baden,0.9673705101,1
Empress_Dowager_Longyu,isMarriedTo,Guangxu_Emperor,0.4059850276,1
Tad_Martin,isMarriedTo,Brooke_English,0.4684446752,1
Archduke_Gottfried_of_Austria,isMarriedTo,Princess_Dorothea_of_Bavaria,0.5160434246,1
Jean-Pierre_Mocky,created,Un_drôle_de_paroissien,0.479329735,1
Harry_Towb,isMarriedTo,Diana_Hoddinott,0.3425099254,1
Jacques_Doillon,directed,La_Vengeance_d'une_femme,0.4276425838,1
Warren_Beatty,actedIn,Dick_Tracy__1990_film_,0.3937256038,1
Agrippina_the_Younger,isMarriedTo,Claudius,0.4276425838,1
Yang_Jiang,isMarriedTo,Qian_Zhongshu,0.4256930053,1
Alex_Chandon,created,Chainsaw_Scumfuck,0.4276425838,1
Jacques_Feyder,directed,L'Atlantide__1921_film_,0.4276425838,1
Nash_Brennan,isMarriedTo,Jessica_Buchanan,0.4276427925,1
Prajadhipok,isMarriedTo,Rambhai_Barni,0.4276425838,1
Jacques_Doillon,created,Ponette,0.4276425838,1
Victor_Salva,produced,Clownhouse,0.4276425838,1
Tony_Gates,isMarriedTo,Neela_Rasgotra,0.425176084,1
Stephanie_J._Block,isMarriedTo,Sebastian_Arcelus,0.4658367634,1
Donald_Knuth,created,The_Art_of_Computer_Programming,0.9347850084,1
Irina_Pavlovna_Paley,isMarriedTo,Prince_Feodor_Alexandrovich_of_Russia,0.9349225163,1
Margaret_of_Provence,isMarriedTo,Louis_IX_of_France,0.6681336761,1
Raja_Nazrin_Shah,isMarriedTo,Zara_Salim_Davidson,0.4260057807,1
Quentin_Tarantino,created,My_Best_Friend's_Birthday,0.4276425838,1
Yılmaz_Güney,produced,Yol,0.4276425838,1
Donald_Knuth,isKnownFor,TeX,0.9288162589,1
Emilio_Estevez,produced,The_War_at_Home__film_,0.4083383679,1
Jon_Cypher,isMarriedTo,Carol_Rosin,0.487895906,1
Phillip_Spaulding,isMarriedTo,Olivia_Spencer,0.4203598201,1
Cord_Roberts,isMarriedTo,Tina_Lord,0.4937542081,1
Jeanne_de_Laval,isMarriedTo,René_of_Anjou,0.5664188266,1
Alan_Rudolph,created,Love_at_Large,0.4822578132,1
Noboru_Iguchi,directed,Oira_Sukeban,0.4402449429,1
Iain_Softley,created,Backbeat__film_,0.4276425838,1
Nasser_Taghvai,created,Tales_of_Kish,0.4276426435,1
Steven_E._de_Souza,directed,Possessed__2000_film_,0.4331908822,1
Vratislaus_II_of_Bohemia,isMarriedTo,Świętosława_of_Poland,0.4030945897,1
Sam_Marx,isMarriedTo,Minnie_Marx,0.9503982365,1
Angela_Pan,isMarriedTo,Chan_Hung-lit,0.3425099254,1
Olivia_Spencer,isMarriedTo,Phillip_Spaulding,0.4057770669,1
Princess_Helena_Adelaide_of_Schleswig-Holstein-Sonderburg-Glücksburg,isMarriedTo,Prince_Harald_of_Denmark,0.43940714,1
Jaime_Camino,created,Spain_Again,0.3425099254,1
Trip_Hawkins,created,Electronic_Arts,0.4276425838,1
Turai_Yar'Adua,isMarriedTo,Umaru_Yar'Adua,0.4695131481,1
Eleanor_of_Alburquerque,isMarriedTo,Ferdinand_I_of_Aragon,0.5110214949,1
Amarindra,isMarriedTo,Buddha_Yodfa_Chulaloke,0.4073320925,1
Noah_Bennett,isMarriedTo,Paloma_Lopez-Fitzgerald,0.4938687682,1
Alex_Chandon,directed,Drillbit__film_,0.7467705011,1
Juan_Carlos_I_of_Spain,isMarriedTo,Queen_Sofía_of_Spain,0.4276425838,1
Marguerite_Snow,isMarriedTo,James_Cruze,0.4205304384,1
Peter_Guinness__actor_,isMarriedTo,Roberta_Taylor,0.9673920274,1
Abel_Gance,created,Les_Gaz_mortels,0.4314599931,1
Fox_Crane,isMarriedTo,Kay_Bennett,0.3425099254,1
Jacques_Feyder,directed,Faces_of_Children,0.4354399741,1
Rick_Rubin,created,Tougher_Than_Leather__film_,0.4240394235,1
Queen_Paola_of_Belgium,isMarriedTo,Albert_II_of_Belgium,0.982727468,1
Gwyneth_Strong,isMarriedTo,Jesse_Birdsall,0.4276426435,1
Al_Pacino,actedIn,Looking_for_Richard,0.418163985,1
Alan_Rudolph,created,Welcome_to_L.A.,0.4276425838,1
Maurice_Cloche,directed,La_Portatrice_di_pane__1950_film_,0.5469409823,1
Kenneth_Branagh,actedIn,Henry_V__1989_film_,0.6795397997,1
Ann_Sothern,isMarriedTo,Robert_Sterling,0.4153741896,1
Arthur_Sheekman,isMarriedTo,Gloria_Stuart,0.4259463549,1
Ray_Barnett,isMarriedTo,Neela_Rasgotra,0.4276425838,1
Frank_D._Gilroy,directed,Desperate_Characters,0.4812272489,1
Jacques_Doillon,created,The_Hussy,0.3993825912,1
Witold_Leszczyński,directed,Matthew's_Days,0.4402449429,1
Vic_Morrow,directed,A_Man_Called_Sledge,0.4276425838,1
Pilar_Pallete,isMarriedTo,John_Wayne,0.4010510445,1
Marco_Ferreri,created,Liza__film_,0.4391525984,1
Samuel_Arendengo,isCitizenOf,Mexico,0.4465726544,0
John_II_of_Aragon,isMarriedTo,Juana_Enríquez,0.4010771215,1
Maria_von_Trapp,isMarriedTo,Georg_Ludwig_von_Trapp,0.4344243109,1
Emilio_Fernández,produced,La_Choca,0.574254334,1
Kamal_Haasan,actedIn,Thevar_Magan,0.4276426435,1
Kathleen_Merrell_White,isMarriedTo,Arthur_Kent_White,0.9743967056,1
Dave_McKean,created,MirrorMask,0.9831892848,1
Marco_Ferreri,created,The_Conjugal_Bed,0.4274803698,1
Prince_Alexander_of_Saxe-Gessaphe,isMarriedTo,Princess_Gisela_of_Bavaria,0.3957529068,1
Mileva_Marić,isMarriedTo,Albert_Einstein,0.4258936942,1
George_Stephanopoulos,isMarriedTo,Alexandra_Wentworth,0.4163707495,1
Joséphine_de_Beauharnais,isMarriedTo,Napoleon_I,0.8883138597,1
Sandra_Goldbacher,directed,Me_Without_You__film_,0.6529961824,1
Judy_Dickinson,isMarriedTo,Gardner_Dickinson,0.4559878111,1
Felix_Yusupov,isMarriedTo,Princess_Irina_Alexandrovna_of_Russia,0.4276425838,1
Ludwig_I_of_Bavaria,isMarriedTo,Therese_of_Saxe-Hildburghausen,0.3425099254,1
Al_Pacino,directed,Looking_for_Richard,0.4897687435,1
Dominique_Deruddere,directed,Everybody's_Famous!,0.4448258281,1
Erin_Hershey_Presley,isMarriedTo,Brian_Presley,0.4193560183,1
Theresa_Lopez-Fitzgerald_Crane,isMarriedTo,Ethan_Winthrop,0.3860255778,1
Christopher_Nolan,directed,The_Seventh_Son,0.4109029836,0
Caroline_Bonaparte,isMarriedTo,Joachim_Murat,0.4070745409,1
Bruce_Jenner,isMarriedTo,Kris_Jenner,0.5150529146,1
Rex_Balsom,isMarriedTo,Adriana_Cramer,0.4711924493,1
Olivia_Winters,isMarriedTo,Nathan_Hastings,0.3425099254,1
Luis_Bayón_Herrera,directed,Buenos_Aires_a_la_vista,0.9676716328,1
Sunandha_Kumariratana,isMarriedTo,Chulalongkorn,0.4440833926,1
Chulalongkorn,isMarriedTo,Sunandha_Kumariratana,0.4276425838,1
Anna_Lee,isMarriedTo,Robert_Nathan,0.3425098658,1
Yılmaz_Güney,created,Yol,0.525008142,1
Joanna_of_Castile,isMarriedTo,Philip_I_of_Castile,0.4762240052,1
Zofia_Czartoryska,isMarriedTo,Stanisław_Kostka_Zamoyski,0.406839937,1
Maria_of_Navarre,isMarriedTo,Peter_IV_of_Aragon,0.4285900891,1
Kevin_Munroe,directed,Teenage_Mutant_Ninja_Turtles__film_series_,0.4318012595,1
Emeric_of_Hungary,isMarriedTo,Constance_of_Aragon,0.9350595474,1
Charles_Ingalls,isMarriedTo,Caroline_Ingalls,0.4344630241,1
Dominique_Deruddere,produced,Everybody's_Famous!,0.4159270525,1
Michael_Dowse,created,It's_All_Gone_Pete_Tong,0.4147265553,1
Viacheslava_of_Novgorod,isMarriedTo,Bolesław_IV_the_Curly,0.4265297949,1
Isabel_Coixet,directed,My_Life_Without_Me,0.463176012,1
Frederica_of_Baden,isMarriedTo,Gustav_IV_Adolf_of_Sweden,0.4216282368,1
Jeffrey_Hunter,isMarriedTo,Emily_McLaughlin,0.5515480638,1
Bert_Haanstra,created,Alleman__film_,0.4365269244,1
Arthur_Rankin,directed,_Jr._The_Hobbit__1977_film_,0.3425099254,1
Princess_Irina_Alexandrovna_of_Russia,isMarriedTo,Felix_Yusupov,0.3425098658,1
Rod_Lurie,directed,The_Contender__2000_film_,0.4305849969,1
Mieszko_III_the_Old,isMarriedTo,Elisabeth_of_Hungary__1128–1154_,0.9290646315,1
Princess_Mikasa,isMarriedTo,Prince_Mikasa,0.3425099254,1
Jim_Elliot,isMarriedTo,Elisabeth_Elliot,0.4424719512,1
Patricia_Donoho_Hughes,isMarriedTo,Harry_Hughes,0.4449675083,1
Denis_Héroux,directed,Naked_Massacre,0.4276425838,1
Anastasia_of_Russia,isMarriedTo,Ivan_IV_of_Russia,0.4276425838,1
Jimmy_Kimmel,directed,Journey_2,0.4345271864,0
King_Vidor,created,Poor_Relations,0.9674496055,1
Robin_Wright_Penn,isMarriedTo,Sean_Penn,0.4143872857,1
Kenneth_Branagh,actedIn,Peter's_Friends,0.982727468,1
Giovanna_of_Italy,isMarriedTo,Boris_III_of_Bulgaria,0.6248285174,1
Brooke_English,isMarriedTo,Tad_Martin,0.5278193951,1
June_Diane_Raphael,isMarriedTo,Paul_Scheer,0.4575412273,1
Marisa_Ryan,isMarriedTo,Jeremy_Sisto,0.8996095657,1
Musbah_bint_Nasser,isMarriedTo,Abdullah_I_of_Jordan,0.4321557581,1
Clint_Buchanan,isMarriedTo,Lindsay_Rappaport,0.4276425838,1
Ward_Kimball,created,Man_in_Space,0.4436353147,1
Ferdinand_I_of_the_Two_Sicilies,isMarriedTo,Maria_Carolina_of_Austria,0.5320439935,1
Chulalongkorn,isMarriedTo,Savang_Vadhana,0.4276425838,1
Madonna__entertainer_,actedIn,I'm_Going_to_Tell_You_a_Secret,0.9611447453,1
Julia_the_Elder,isMarriedTo,Tiberius,0.4826727808,1
Mavis_Leno,isMarriedTo,Jay_Leno,0.3425098658,1
Warren_Beatty,actedIn,Heaven_Can_Wait__1978_film_,0.3425099254,1
Michael_Dowse,created,FUBAR_2__film_,0.4276425838,1
Peter_IV_of_Aragon,isMarriedTo,Sibila_of_Fortia,0.4474327564,1
Kris_Jenner,isMarriedTo,Robert_Kardashian,0.3922756612,1
Adam_Chandler,hasChild,Gloria_Marsh,0.474442184,1
Riazuddin__physicist_,livesIn,Islamabad_Capital_Territory,0.5161028504,1
Bert_Haanstra,directed,Alleman__film_,0.4191691279,1
Marco_Ferreri,directed,I_Love_You__1986_film_,0.4276425838,1
Prince_Joachim_of_Denmark,isMarriedTo,Princess_Marie_of_Denmark,0.967474103,1
Jacques_Feyder,created,Le_Grand_Jeu__1934_film_,0.5195811987,1
Cleve_Moler,created,MATLAB,0.4276425838,1
Christopher_Nolan,directed,The_Princess_Bride,0.5176725635,0
Marty_Feldman,created,In_God_We_Tru$t,0.4344629347,1
Marco_Ferreri,created,Break_Up__film_,0.4276425838,1
Anne_of_Kiev,isMarriedTo,Henry_I_of_France,0.4556016624,1
Leonid_Trauberg,created,Alone__1931_film_,0.3425099254,1
Charles_Napoléon,isMarriedTo,Princess_Béatrice_of_Bourbon-Two_Sicilies,0.4366056025,1
Bibi_Gaytán,isMarriedTo,Eduardo_Capetillo,0.5116584897,1
Quentin_Tarantino,created,From_Dusk_till_Dawn,0.4194733202,1
King_Vidor,directed,Poor_Relations,0.4331719279,1
Ferdinand_I_of_Portugal,isMarriedTo,Leonor_Telles_de_Menezes,0.3425099254,1
Rudolph_I_of_Germany,isMarriedTo,Isabella_of_Burgundy__1270–1323_,0.6879681349,1
Lady_Elizabeth_Mortimer,isMarriedTo,Henry_Hotspur_Percy,0.4413554668,1
Buddha_Yodfa_Chulaloke,isMarriedTo,Amarindra,0.4106098115,1
Maurice_Cloche,created,Born_of_Unknown_Father,0.4558243155,1
Prince_Tomohito_of_Mikasa,isMarriedTo,Princess_Tomohito_of_Mikasa,0.4276425838,1
Victor_Emmanuel_II_of_Italy,isMarriedTo,Maria_Adelaide_of_Austria,0.3961146772,1
Frederick_William_III_of_Prussia,isMarriedTo,Louise_of_Mecklenburg-Strelitz,0.3950910568,1
King_Vidor,created,Three_Wise_Fools__1923_film_,0.9673110843,1
Lynn_Bari,isMarriedTo,Sidney_Luft,0.6806240082,1
Leander_Haußmann,directed,Sonnenallee,0.5499971509,1
Christine_Rodd,isMarriedTo,Allan_Steiger,0.4658367634,1
Bertha_of_Holland,isMarriedTo,Philip_I_of_France,0.3854900301,1
Saeed_Akhtar_Mirza,produced,Albert_Pinto_Ko_Gussa_Kyon_Aata_Hai,0.4644391537,1
Jill_Hennessy,created,The_Acting_Class,0.4356353283,1
Betty_Compson,isMarriedTo,James_Cruze,0.4358178377,1
Ellen_Degeneres,hasChild,Nick_the_Gardener,0.617267355,0
Carol_Jackson,hasChild,Sonia_Fowler,0.6545621157,1
Princess_Margaret_of_Denmark,isMarriedTo,Prince_René_of_Bourbon-Parma,0.5983674526,1
Gerry_Anderson,isMarriedTo,Sylvia_Anderson,0.7169113159,1
Lucien_Hubbard,created,Rose-Marie__1928_film_,0.4276425838,1
Serge_Gainsbourg,created,Je_t'aime..._moi_non_plus__film_,0.3425099254,1
Carol_Rosin,isMarriedTo,Jon_Cypher,0.4276425838,1
Tage_Danielsson,created,The_Adventures_of_Picasso,0.4276426435,1
Andrew_Lane,directed,Jake_Speed,0.4284599125,1
Prince_Mikasa,isMarriedTo,Princess_Mikasa,0.3425099254,1
Kevin_Munroe,created,TMNT__film_,0.4318557382,1
Yılmaz_Güney,directed,Zavallılar,0.4256874323,1
King_Vidor,created,The_Turn_in_the_Road,0.4439871311,1
Kenneth_Branagh,actedIn,Love's_Labour's_Lost__2000_film_,0.4439871311,1
Nelson_George,directed,Life_Support__film_,0.4318557382,1
Grand_Duchess_Xenia_Alexandrovna_of_Russia,isMarriedTo,Grand_Duke_Alexander_Mikhailovich_of_Russia,0.491738975,1
Michael_Dowse,directed,FUBAR__film_,0.4512915313,1
Frederick_II_of_Denmark,isMarriedTo,Sophie_of_Mecklenburg-Güstrow,0.4349069297,1
Elena_of_Montenegro,isMarriedTo,Victor_Emmanuel_III_of_Italy,0.4702173173,1
Alan_Rudolph,directed,Welcome_to_L.A.,0.4255886674,1
Márton_Keleti,created,Two_Confessions,0.4026250243,1
Roberta_Taylor,isMarriedTo,Peter_Guinness__actor_,0.4264235497,1
Todd_Manning,hasChild,Blair_Cramer,0.4030945897,1
Elisabeth_Ludovika_of_Bavaria,isMarriedTo,Frederick_William_IV_of_Prussia,0.4276425838,1
Emilio_Fernández,created,La_Choca,0.4276425838,1
Alan_Rudolph,directed,Trixie__film_,0.3854900301,1
Michael_Dowse,produced,FUBAR_2__film_,0.5227360129,1
Benito_Alazraki,directed,Roots__film_,0.3425099254,1
Prince_Harald_of_Denmark,isMarriedTo,Princess_Helena_Adelaide_of_Schleswig-Holstein-Sonderburg-Glücksburg,0.3999568223,1
Lotte_Reiniger,created,The_Adventures_of_Prince_Achmed,0.5864526033,1
Solomonia_Saburova,isMarriedTo,Vasili_III_of_Russia,0.4455212653,1
Saeed_Akhtar_Mirza,created,Albert_Pinto_Ko_Gussa_Kyon_Aata_Hai,0.3425099254,1
Dina_Merrill,isMarriedTo,Ted_Hartley,0.4219606817,1
Sarah_Clarke,isMarriedTo,Xander_Berkeley,0.4276425838,1
Marco_Ferreri,directed,Bye_Bye_Monkey,0.4318557084,1
Marie_of_Anjou,isMarriedTo,Charles_VII_of_France,0.4475468695,1
Manish_Gupta,directed,The_Stoneman_Murders,0.3425099254,1
Amelia_Earhart,isMarriedTo,George_P._Putnam,0.7155877352,1
Chris_Rock,directed,I_Think_I_Love_My_Wife,0.9363157153,1
Kenneth_Branagh,produced,Peter's_Friends,0.6833407283,1
Nefertiti,isMarriedTo,Akhenaten,0.9129846692,1
Gardner_Dickinson,isMarriedTo,Judy_Dickinson,0.516380012,1
Tana_Ramsay,isMarriedTo,Gordon_Ramsay,0.4413212836,1
Maurice_Cloche,directed,Born_of_Unknown_Father,0.4527757466,1
Dina_Merrill,isMarriedTo,Cliff_Robertson,0.342509985,1
Craig_Ferguson,directed,I'll_Be_There__film_,0.4276425838,1
Maria_Nagaya,isMarriedTo,Ivan_IV_of_Russia,0.4756297171,1
Robert_Sterling,isMarriedTo,Ann_Sothern,0.4678805768,1
Kamal_Haasan,produced,Thevar_Magan,0.7548750043,1
Amy_Leslie,isMarriedTo,Frank_Buck__animal_collector_,0.982727468,1
Peter_Sollett,created,Raising_Victor_Vargas,0.6945133209,1
Nicolas_Roeg,directed,Aria__1987_film_,0.4030945897,1
Ann_Smith_Franklin,isMarriedTo,James_Franklin__printer_,0.4677485824,1
King_Vidor,created,Better_Times__1919_film_,0.4520181715,1
Abel_Gance,produced,Au_Secours!,0.4276425838,1
Marie_Prevost,isMarriedTo,Kenneth_Harlan,0.8975874186,1
Russell_Crowe,isMarriedTo,Danielle_Spencer__Australian_singer_,0.0183983445,1
Lydia_Shum,isMarriedTo,Adam_Cheng,0.5647439957,1
Cynthia_Stone,isMarriedTo,Jack_Lemmon,0.3425099254,1
Michel_Ocelot,directed,Princes_et_princesses,0.4646278024,1
Jennifer_Rappaport,isMarriedTo,Joey_Buchanan,0.4151819348,1
Princess_Sarvath_El_Hassan,isMarriedTo,Prince_Hassan_bin_Talal,0.7196179032,1
Frank_D._Gilroy,created,Desperate_Characters,0.425349474,1
Yılmaz_Güney,actedIn,Zavallılar,0.4281653762,1
Prince_George_of_Denmark,isMarriedTo,Anne_of_Great_Britain,0.4257807136,1
Eric_Fellner,isMarriedTo,Gaby_Dellal,0.4464395344,1
Arcadia_Bandini_de_Stearns_Baker,isMarriedTo,Abel_Stearns,0.471540451,1
Srinagarindra,isMarriedTo,Mahidol_Adulyadej,1.3111879229,1
Jorge_Lanata,created,Deuda,0.4276427627,1
Yılmaz_Güney,directed,Yol,0.4191691875,1
Eleanor_of_Sicily,isMarriedTo,Peter_IV_of_Aragon,0.4975863993,1
Bill_Condon,directed,Dreamgirls__film_,0.4714843929,1
Louis_Bonaparte,isMarriedTo,Hortense_de_Beauharnais,0.9827275276,1
Alex_Fong__actor_,isMarriedTo,Hoyan_Mok,0.4540683925,1
Leander_Haußmann,created,NVA__film_,0.4356802106,1
Masud_Ahmad,livesIn,Islamabad,0.4875394702,1
Nicolas_Roeg,created,Aria__1987_film_,0.3425099254,1
Luis_Bayón_Herrera,created,Jettatore,0.4402449429,1
Quentin_Tarantino,produced,My_Best_Friend's_Birthday,0.4219606519,1
Abel_Gance,directed,Poliche,0.4276425838,1
Natalie_Buchanan,isMarriedTo,Jared_Banks,0.9663190842,1
Ryan_Reynolds,hasChild,Daughter_Kayla,0.8676354614,0
Marshall_Brickman,directed,Simon__1980_film_,0.4276425838,1
Gaius_Caesar,isMarriedTo,Livilla__sister_of_Claudius_,0.9351216555,1
Lucien_Hubbard,created,The_Mysterious_Island__1929_film_,0.4213554859,1
Bo_Buchanan,isMarriedTo,Nora_Hanen,0.3993825912,1
Constantine_II_of_Greece,isMarriedTo,Queen_Anne-Marie_of_Greece,0.5220928192,1
Napoleon_Louis_Bonaparte,isMarriedTo,Charlotte_Napoléone_Bonaparte,0.4276425838,1
Nora_Hanen,isMarriedTo,Clint_Buchanan,0.3425099552,1
Theresa_Russell,isMarriedTo,Nicolas_Roeg,0.4276425838,1
Maurice_Cloche,directed,Peppino_e_Violetta,0.6737239361,1
Norodom_Sihanouk,directed,The_Last_Days_of_Colonel_Savath,0.3425099254,1
James_Cameron,directed,Deadpool,0.2998398278,0
Karl_Hartl,directed,Mozart__1955_film_,0.9149537086,1
John_I_of_Aragon,isMarriedTo,Violant_of_Bar,0.3425099254,1
Christiane_Amanpour,isMarriedTo,James_Rubin,0.456608206,1
Jared_Banks,isMarriedTo,Natalie_Buchanan,0.8273599744,1
Diane_Keen,isMarriedTo,Paul_Greenwood,0.4632705152,1
Sheldon_Reynolds__producer_,directed,Killer's_Carnival,0.4134325087,1
Clive_Barker,created,Lord_of_Illusions,0.6236963868,1
Warren_Beatty,produced,Bulworth,0.3425099254,1
Ibrahim_Nasir,isMarriedTo,Naseema_Mohamed,0.4169361889,1
Narriman_Sadek,isMarriedTo,Farouk_of_Egypt,0.4463302493,1
Alan_Rudolph,directed,Trouble_in_Mind__film_,0.4305635095,1
Mitsuaki_Hoshino,isMarriedTo,Yūko_Kobayashi,0.4559772909,1
Ferdinand_I_of_Aragon,isMarriedTo,Eleanor_of_Alburquerque,0.009042223,1
Jerry_Seinfeld,produced,Bee_Movie,0.6864496469,1
Ishirō_Honda,directed,Godzilla__1954_film_,0.6202318668,1
Joey_Buchanan,isMarriedTo,Jennifer_Rappaport,0.4427869916,1
Julie_Clary,isMarriedTo,Joseph_Bonaparte,0.6801735163,1
Nathan_Hastings,hasChild,Olivia_Winters,0.967028141,1
Martha_of_Armagnac,isMarriedTo,John_I_of_Aragon,0.4927447438,1
Arthur_Rankin,directed,_Jr._The_Flight_of_Dragons,0.4724304378,0
Jane_Wyman,isMarriedTo,Ronald_Reagan,0.9670921564,1
Qian_Zhongshu,isMarriedTo,Yang_Jiang,0.3425099254,1
Michele_Lupo,created,The_Master_Touch,0.982727468,1
Stanley_Kubrik,diedIn,Indiana,0.4489387628,0
Princess_Tomohito_of_Mikasa,isMarriedTo,Prince_Tomohito_of_Mikasa,0.4744482934,1
Tonia_Marketaki,directed,Crystal_Nights,0.3425099254,1
Charles_I_of_Austria,isMarriedTo,Zita_of_Bourbon-Parma,0.4242300987,1
John_of_England,isMarriedTo,Isabella_of_Angoulême,0.5052387714,1
Warren_Beatty,directed,Reds__film_,0.9827275276,1
Paul_Spence,produced,FUBAR__film_,0.5664188266,1
Archduke_Ferdinand_Karl_Viktor_of_Austria-Este,isMarriedTo,Archduchess_Elisabeth_Franziska_of_Austria,0.4276426435,1
Arthur_Rankin,produced,_Jr._The_Daydreamer,0.3425099254,1
Seth_Cohen,isMarriedTo,Summer_Roberts,0.4276425838,1
Param_Gill,created,Hotel_Hollywood,0.4030945897,1
Archduchess_Maria_Theresa_of_Austria__1862–1933_,isMarriedTo,Archduke_Charles_Stephen_of_Austria,0.4276425838,1
Maija_DiGiorgio,directed,Bitter_Jester,0.4557040632,1
Dimpy_Mahajan,isMarriedTo,Rahul_Mahajan__Reality_TV_Personality_,0.6593967676,1
David_Dhawan,directed,Taaqatwar,0.4161922038,1
Ivan_IV_of_Russia,isMarriedTo,Maria_Nagaya,0.982727468,1
Abel_Gance,directed,Au_Secours!,0.43338117,1
Guan_Hu,directed,Dirt__1994_film_,0.9667591453,1
Pauline_Koch,isMarriedTo,Hermann_Einstein,0.5173697472,1
Henry_III_of_France,isMarriedTo,Louise_of_Lorraine,0.3850522935,1
Dominique-France_Picard,isMarriedTo,Fuad_II_of_Egypt,0.5195811987,1
Violant_of_Bar,isMarriedTo,John_I_of_Aragon,0.4276425838,1
Kenneth_Harlan,isMarriedTo,Marie_Prevost,0.4276426435,1
Ken_Olin,isMarriedTo,Patricia_Wettig,0.67895329,1
Witold_Leszczyński,created,Matthew's_Days,0.9827276468,1
Abel_Gance,created,Le_droit_à_la_vie,0.3909567595,1
Prince_Alexander_of_Belgium,isMarriedTo,Princess_Léa_of_Belgium,0.4276425838,1
Arthur_Kent_White,isMarriedTo,Kathleen_Merrell_White,0.3988951743,1
Neil_Gaiman,created,A_Short_Film_About_John_Bolton,0.4782743454,1
Palito_Ortega,actedIn,El_Tío_Disparate,0.3956604898,1
Princess_Marie_of_Orléans__1865–1909_,isMarriedTo,Prince_Valdemar_of_Denmark,0.5239741802,1
Dani_Levy,created,Alles_auf_Zucker!,0.4782387316,1
Matilda_of_Holstein,isMarriedTo,Abel_of_Denmark,0.4127961993,1
Dimitri_Marick,isMarriedTo,Erica_Kane,0.6230227351,1
Kay_Bennett,isMarriedTo,Fox_Crane,0.3425099254,1
Lilyan_Tashman,isMarriedTo,Edmund_Lowe,0.4276425838,1
Abel_Gance,created,La_Digue__film_,0.4373797774,1
Jesse_Birdsall,isMarriedTo,Gwyneth_Strong,0.5007405281,1
R._Kannan,directed,Jayamkondaan,0.982727468,1
Afonso_I_of_Portugal,isMarriedTo,Maud_of_Savoy,0.967512548,1
Abel_Gance,created,Poliche,0.4207159281,1
Olga_Feodorovna_of_Baden,isMarriedTo,Grand_Duke_Michael_Nikolaevich_of_Russia,0.4207159579,1
Quentin_Tarantino,directed,Grave_Danger,0.6628039479,1
Jacques_Feyder,created,Faces_of_Children,0.4276425838,1
King_Vidor,created,Our_Daily_Bread__1934_film_,0.3425099254,1
Frances_Hughes_Glendening,isMarriedTo,Parris_Glendening,0.6466866732,1
Gustav_III_of_Sweden,isMarriedTo,Sophia_Magdalena_of_Denmark,0.4276425838,1
Harry_Enfield,created,Kevin_&_Perry_Go_Large,0.4594305158,1
Henry_II_of_France,isMarriedTo,Catherine_de'_Medici,0.4646009207,1
Bettany_Muscker,created,The_Vampire_Diaries,0.4019928937,0
Naseema_Mohamed,isMarriedTo,Ibrahim_Nasir,0.3942225575,1
Paul_Auster,directed,Blue_in_the_Face,0.9482272267,1
Chris_Rock,produced,I_Think_I_Love_My_Wife,0.3425099254,1
Louise_of_Lorraine,isMarriedTo,Henry_III_of_France,0.4276425838,1
Phillip_Spaulding,isMarriedTo,Harley_Cooper,0.4191691279,1
Noboru_Iguchi,directed,The_Machine_Girl,0.4439871311,1
Ishirō_Honda,created,Godzilla__1954_film_,0.4246979058,1
Palito_Ortega,created,El_Tío_Disparate,0.485686332,1
Umberto_II_of_Italy,isMarriedTo,Marie_José_of_Belgium,0.4623410404,1
Tamiliam_Subas,directed,Vanni_Mouse,0.967028141,1
Carlos_Atanes,created,PROXIMA,0.581858933,1
King_Vidor,directed,Wild_Oranges,0.557823658,1
Madonna__entertainer_,created,I'm_Going_to_Tell_You_a_Secret,0.9300556779,1
Warren_Beatty,directed,Heaven_Can_Wait__1978_film_,0.8841603398,1
Jill_Hennessy,directed,The_Acting_Class,0.6545621157,1
Blair_Cramer,isMarriedTo,Todd_Manning,0.9510958791,1
Conway_Berners-Lee,isMarriedTo,Mary_Lee_Woods,0.5576013923,1
Georg_Balthasar_Metzger,livesIn,Germany,0.3425099254,1
Alan_Alda,directed,The_Four_Seasons__film_,0.4276425838,1
Rajan_Khosa,directed,Dance_of_the_Wind,0.982727468,1
Lord_Guilford_Dudley,isMarriedTo,Lady_Jane_Grey,0.3425098956,1
Jeff_Donnell,isMarriedTo,Aldo_Ray,0.4427576065,1
Emilio_Estevez,actedIn,The_War_at_Home__film_,0.4246463776,1
Fuad_II_of_Egypt,isMarriedTo,Dominique-France_Picard,0.3937256038,1
Philip_I_of_France,isMarriedTo,Bertha_of_Holland,0.4129089713,1
Xu_Zhimo,isMarriedTo,Zhang_Youyi,0.8552851676,1
Stefania_Grodzieńska,isMarriedTo,Jerzy_Jurandot,0.4828692079,1
Bruce_Willis,isMarriedTo,Demi_Moore,0.3425099254,1
Odoardo_Di_Santo,isMarriedTo,Maria_Augimeri,0.4276426435,1
Gail_O'Grady,isMarriedTo,Jeffrey_Byron,0.4695816636,1
Elisabeth_of_Hungary__1128–1154_,isMarriedTo,Mieszko_III_the_Old,0.4587927759,1
Princess_Gisela_of_Bavaria,isMarriedTo,Prince_Alexander_of_Saxe-Gessaphe,0.4259849489,1
Elisabeth_Elliot,isMarriedTo,Jim_Elliot,0.4276426435,1
Oskar_Schindler,isMarriedTo,Emilie_Schindler,0.4163707197,1
Abel_Gance,directed,The_Tenth_Symphony,0.4276425838,1
Ursula_Thiess,isMarriedTo,Robert_Taylor__actor_,0.4480448067,1
Matilda_of_Boulogne,isMarriedTo,Stephen_of_England,0.4165562093,1
Joss_Whedon,directed,Goners,0.4276425838,1
Boris_III_of_Bulgaria,isMarriedTo,Giovanna_of_Italy,0.5117857456,1
Victor_Emmanuel_III_of_Italy,isMarriedTo,Elena_of_Montenegro,0.3425099254,1
Peter_IV_of_Aragon,isMarriedTo,Maria_of_Navarre,0.4219575226,1
Norodom_Sihanouk,created,An_Ambition_Reduced_to_Ashes,0.3425099254,1
Patricia_Pemenova,livesIn,Moscow_Russia,0.4928367659,0
Raymond_Bernard,created,Les_Misérables__1934_film_,0.3425099254,1
Pakistan_Atomic_Energy_Commission,isLocatedIn,Islamabad,0.4276425838,1
Archduchess_Elisabeth_Franziska_of_Austria,isMarriedTo,Archduke_Ferdinand_Karl_Viktor_of_Austria-Este,0.4197006226,1
Judith_of_Swabia,isMarriedTo,Władysław_I_Herman,0.8105541468,1
Abel_Gance,directed,End_of_the_World__1931_film_,0.1512626112,1
Warren_Beatty,created,Heaven_Can_Wait__1978_film_,0.7369953394,1
Mitch_Laurence,isMarriedTo,Dorian_Lord,0.4333811402,1
Serge_Gainsbourg,directed,Équateur__film_,0.9675970078,1
Ivan_IV_of_Russia,isMarriedTo,Anastasia_of_Russia,0.3425098658,1
Abel_Gance,directed,Un_drame_au_château_d'Acre,0.4474327564,1
Norman_Mailer,directed,Maidstone__film_,0.9428732991,1
Barbara_Stanwyck,isMarriedTo,Frank_Fay__American_actor_,0.4276425838,1
Román_Viñoly_Barreto,created,La_Bestia_debe_morir,0.4577789307,1
Kirk_Cameron,isMarriedTo,Chelsea_Noble,0.3425099254,1
Rudolph_I_of_Germany,isMarriedTo,Gertrude_of_Hohenburg,0.3425098658,1
Haakon_VII_of_Norway,isMarriedTo,Maud_of_Wales,0.4276425838,1
Loni_Anderson,isMarriedTo,Burt_Reynolds,0.4420254827,1
Bert_Haanstra,directed,Fanfare__film_,0.4251219928,1
Maija_DiGiorgio,actedIn,Bitter_Jester,0.420517385,1
Leopold_II_of_Belgium,isMarriedTo,Marie_Henriette_of_Austria,0.4475862384,1
Shuji_Kataoka,created,S&M_Hunter,0.9831166267,1
David_Mamet,created,House_of_Games,0.6491178274,1
Kevin_Munroe,directed,TMNT__film_,0.3989317715,1
Władysław_I_Herman,isMarriedTo,Judith_of_Swabia,0.4158460498,1
Paul_Scheer,isMarriedTo,June_Diane_Raphael,0.4242300987,1
Catherine_II_of_Russia,isMarriedTo,Peter_III_of_Russia,0.4276425838,1
Natalia_Brasova,isMarriedTo,Grand_Duke_Michael_Alexandrovich_of_Russia,0.5715284348,1
Jack_Norworth,isMarriedTo,Louise_Dresser,0.4726586938,1
Vilsoni_Hereniko,created,The_Land_Has_Eyes,0.5110214949,1
Tuesday_Weld,isMarriedTo,Dudley_Moore,0.4318557382,1
Abel_Stearns,isMarriedTo,Arcadia_Bandini_de_Stearns_Baker,0.3425099254,1
M._Night_Shyamalan,created,Praying_with_Anger,0.4234279096,1
Guy_Ritchie,directed,The_Hire,0.4328060746,1
Dimitri_Marick,hasChild,Erica_Kane,0.9465808272,0
Marshall_Brickman,produced,The_Manhattan_Project__film_,0.4276425838,1
Román_Viñoly_Barreto,produced,La_Bestia_debe_morir,0.4412536025,1
Alan_Rudolph,created,Afterglow__film_,0.4276425838,1
Jacques_Doillon,created,The_Pirate__1984_film_,0.4276425838,1
Pannarai,isMarriedTo,Mongkut,0.4816436768,1
Eduardo_Capetillo,isMarriedTo,Bibi_Gaytán,0.4402164221,1
Olivia_Spencer,hasChild,Phillip_Spaulding,0.4226774871,1
Edward_I_of_England,isMarriedTo,Eleanor_of_Castile,0.5846787095,1
Louise_of_the_Netherlands,isMarriedTo,Charles_XV_of_Sweden,0.3425098658,1
Diana_Hoddinott,isMarriedTo,Harry_Towb,0.4892218411,1
M._Night_Shyamalan,actedIn,Praying_with_Anger,0.4246463776,1
Paul_Greenwood,isMarriedTo,Diane_Keen,0.3843609095,1
Marco_Ferreri,directed,The_Story_of_Piera,0.5507027507,1
Abel_Gance,created,Au_Secours!,0.4246463776,1
Elissa_Ambrose,isCitizenOf,Canada,0.4169175923,1
Amalie_Auguste_of_Bavaria,isMarriedTo,John_of_Saxony,0.4444136322,1
Astrid_of_Sweden,isMarriedTo,Leopold_III_of_Belgium,0.3425099254,1
Phillip_Spaulding,hasChild,Olivia_Spencer,0.4620987177,1
Anastasia_of_Kiev,isMarriedTo,Andrew_I_of_Hungary,0.4262449443,1
Adrianne_Curry,isMarriedTo,Christopher_Knight,0.4264471531,1
John_II_of_Aragon,isMarriedTo,Blanche_I_of_Navarre,0.4276426435,1
Mieszko_III_the_Old,isMarriedTo,Eudoxia_of_Kiev,0.3425098658,1
Sunil_Dutt,directed,Reshma_Aur_Shera,0.3939785957,1
Maud_of_Wales,isMarriedTo,Haakon_VII_of_Norway,0.4227415919,1
Princess_Margaretha_of_Sweden,isMarriedTo,Prince_Axel_of_Denmark,0.4318557382,1
Lady_Jane_Grey,isMarriedTo,Lord_Guilford_Dudley,0.5171032548,1
Denis_Héroux,created,Valérie,0.031686306,1
Marilyn_Monroe,isMarriedTo,Arthur_Miller,0.4276425838,1
Nicky_Henson,isMarriedTo,Una_Stubbs,0.4244270027,1
Prince_Christian_of_Schleswig-Holstein,isMarriedTo,Princess_Helena_of_the_United_Kingdom,0.3849108219,1
Prince_Rasso_of_Bavaria,isMarriedTo,Archduchess_Theresa_of_Austria__b._1931_,0.8811195493,1
Vajiralongkorn,isMarriedTo,Soamsavali_Kitiyakara,0.6850197912,1
Minnie_Marx,isMarriedTo,Sam_Marx,0.405985117,1
Tad_Martin,hasChild,Brooke_English,0.4276425838,1
Harald_V_of_Norway,isMarriedTo,Queen_Sonja_of_Norway,0.4255533218,1
Liza_Minnelli,isMarriedTo,David_Gest,0.3711970448,1
Michael_Bell__mayor_,wasBornIn,Toledo__Ohio,0.4413212836,1
Eddie_Griffin,produced,Dysfunktional_Family,0.9913752675,1
Marco_Ferreri,created,L'udienza,0.4242300987,1
Charles_VII_of_France,isMarriedTo,Marie_of_Anjou,0.9508470893,1
Siva_Selliah,wasBornIn,Colombo,0.9777830243,1
Philip_I_of_France,isMarriedTo,Bertrade_de_Montfort,0.4376773834,1
Yūko_Kobayashi,isMarriedTo,Mitsuaki_Hoshino,0.4276425838,1
Stanisław_Kostka_Zamoyski,isMarriedTo,Zofia_Czartoryska,0.0183418393,1
Nancy_Carell,isMarriedTo,Steve_Carell,0.8991285563,1
Paul_Auster,created,Lulu_on_the_Bridge,1.7028559446,1
Bryce_Dallas_Howard,isMarriedTo,Seth_Gabel,0.427642554,1
Arthur_Rankin,directed,_Jr._The_Last_Unicorn__film_,0.6793268323,1
Arthur_Rankin,produced,_Jr._The_Last_Dinosaur,0.4160688519,1
Ruth_Martin__All_My_Children_,isMarriedTo,Joe_Martin__All_My_Children_,0.4276425838,1
Farouk_of_Egypt,isMarriedTo,Narriman_Sadek,0.4276425838,1
Lucas_Belvaux,created,La_Raison_du_plus_faible,0.4455212653,1
Sylvia_Stallone,created,From_the_Night,0.4132435543,0
Serge_Gainsbourg,created,Équateur__film_,0.4376773834,1
Chelsea_Noble,isMarriedTo,Kirk_Cameron,0.4155301154,1
Carla_von_Lahnstein,isMarriedTo,Bernd_von_Beyenbach,0.6156409979,1
Marzieh_Meshkini,directed,Stray_Dogs__film_,0.9827275276,1
Arthur_Rankin,directed,_Jr._The_Return_of_the_King__1980_film_,0.684900105,1
Brian_Dannelly,directed,Saved!,0.4217996597,1
Edmund_Lowe,isMarriedTo,Lilyan_Tashman,0.4797435701,1
Márton_Keleti,directed,Two_Confessions,0.3425099254,1
Cliff_Robertson,isMarriedTo,Cynthia_Stone,0.4497859478,1
Maria_Christina_of_Austria,isMarriedTo,Alfonso_XII_of_Spain,0.5164730549,1
Abel_Gance,created,Louise__film_,0.4276425838,1
Param_Gill,directed,Hotel_Hollywood,0.9663584232,1
Isabel_Burton,isMarriedTo,Richard_Francis_Burton,0.4065758586,1
Nicolas_Roeg,isMarriedTo,Theresa_Russell,0.4344629347,1
Prince_Eduard_of_Saxe-Altenburg,isMarriedTo,Princess_Amalie_of_Hohenzollern-Sigmaringen,0.4147959352,1
Felicia_Farr,isMarriedTo,Jack_Lemmon,0.4276426435,1
Henri-Georges_Clouzot,directed,The_Wages_of_Fear,0.4169291556,1
Marco_Ferreri,directed,Break_Up__film_,0.4276426435,1
Todd_Manning,isMarriedTo,Blair_Cramer,0.4402449429,1
Isabel_Coixet,directed,Map_of_the_Sounds_of_Tokyo,0.4276423454,1
Gordon_Ramsay,isMarriedTo,Tana_Ramsay,0.4402164221,1
Charlotte_Napoléone_Bonaparte,isMarriedTo,Napoleon_Louis_Bonaparte,0.3860255778,1
Lily_James,hasChild,James_Ogden,0.3979862753,0
Vasili_III_of_Russia,isMarriedTo,Elena_Glinskaya,0.4219575226,1
Napoleon_I,isMarriedTo,Joséphine_de_Beauharnais,0.4654657245,1
Tage_Danielsson,directed,The_Adventures_of_Picasso,0.4800439775,1
Norodom_Sihanouk,created,The_Last_Days_of_Colonel_Savath,0.7305012345,1
Saeed_Akhtar_Mirza,directed,Mohan_Joshi_Hazir_Ho!,0.4929854274,1
Nancy_Reagan,isMarriedTo,Ronald_Reagan,1.0632901788,1
Michael_Dowse,created,Kids_in_America__2011_film_,0.4276425838,1
Alan_Alda,actedIn,The_Four_Seasons__film_,0.4482666552,1
Alice_Hathaway_Lee_Roosevelt,isMarriedTo,Theodore_Roosevelt,0.3425099254,1
Archduchess_Marie_Caroline_of_Austria,isMarriedTo,Frederick_Augustus_II_of_Saxony,0.8935915232,1
Carlos_Atanes,directed,PROXIMA,0.4276425838,1
Clive_Barker,created,Hellraiser,0.4255886674,1
Mai_Zetterling,directed,Doctor_Glas__film_,0.6545621157,1
Leonard_von_Lahnstein,isMarriedTo,Cécile_de_Maron,0.4276425838,1
Abel_Gance,directed,The_Torture_of_Silence,0.4096559286,1
Karl_Hartl,created,Mozart__1955_film_,0.6148563623,1
Marie_Henriette_of_Austria,isMarriedTo,Leopold_II_of_Belgium,0.4076111317,1
Georg_Ludwig_von_Trapp,isMarriedTo,Maria_von_Trapp,0.3425099254,1
Kenneth_Branagh,directed,A_Midwinter's_Tale,0.3941657543,1
Sheila_Sim,isMarriedTo,Richard_Attenborough,0.4276425838,1
Charlotte_of_Savoy,isMarriedTo,Louis_XI_of_France,0.3425099254,1
Brian_Presley,isMarriedTo,Erin_Hershey_Presley,0.6789075732,1
Henri-Georges_Clouzot,directed,Le_Corbeau,0.3854899704,1
Olav_V_of_Norway,isMarriedTo,Princess_Märtha_of_Sweden,0.3425099254,1
Will_Smith,hasChild,Nicki_Smith,0.4890192749,0
Isabel_Coixet,created,Map_of_the_Sounds_of_Tokyo,0.5742427707,1
Alan_Alda,actedIn,Sweet_Liberty,0.4276425838,1
Margherita_of_Savoy,isMarriedTo,Umberto_I_of_Italy,0.3425099254,1
Bhumibol_Adulyadej,isMarriedTo,Sirikit,0.4452307224,1
M._Night_Shyamalan,directed,Praying_with_Anger,0.4276424646,1
Andrew_II_of_Hungary,isMarriedTo,Gertrude_of_Merania,0.3957529068,1
Jaime_Camino,directed,Spain_Again,0.9115309715,1
Michelle_Obama,isMarriedTo,Barack_Obama,0.982727468,1
Michel_Houellebecq,directed,La_Possibilité_d'une_île__film_,0.4724304378,1
King_Vidor,created,His_Hour,0.4376773834,1
Jerry_Seinfeld,created,Bee_Movie,0.4276425838,1
Emilio_Fernández,created,Pueblerina,0.4242300987,1
Elmar_Klos,created,The_Shop_on_Main_Street,0.4191691577,1
Sidney_Luft,isMarriedTo,Camille_Keaton,0.4538693428,1
Jacques_Doillon,created,La_Vengeance_d'une_femme,0.4276425838,1
Grand_Duke_Paul_Alexandrovich_of_Russia,isMarriedTo,Grand_Duchess_Alexandra_Georgievna_of_Russia,0.3849108219,1
Timothy_West,isMarriedTo,Prunella_Scales,0.4640536308,1
Tony_McHale,created,Sonia_Fowler,0.5725359917,1
Brian_Dannelly,created,Saved!,0.6375887394,1
Olga_Havlová,isMarriedTo,Václav_Havel,0.4276425838,1
Éric_Rochant,directed,The_Patriots__film_,0.4702194929,1
Milena_Dravić,isMarriedTo,Dragan_Nikolić,0.4153741598,1
Alan_Rudolph,created,Trixie__film_,0.4357945919,1
Tzang_Merwyn_Tong,created,A_Wicked_Tale,0.4224498272,1
Marzieh_Meshkini,created,Stray_Dogs__film_,0.9513607025,1
Abel_Gance,directed,Barberousse,0.450892508,1
John_of_Saxony,isMarriedTo,Amalie_Auguste_of_Bavaria,0.4276426733,1
Clive_Barker,directed,Hellraiser,0.0309511814,1
Emilio_Fernández,created,Rosanna__film_,0.4475468695,1
Livilla__sister_of_Claudius_,isMarriedTo,Gaius_Caesar,0.4334254861,1
Nora_Hanen,isMarriedTo,Hank_Gannon,0.3425099254,1
Sophie_of_Mecklenburg-Güstrow,isMarriedTo,Frederick_II_of_Denmark,0.3425098956,1
Pierre_Andre,created,I'm_Not_Single,0.6795398593,1
Ken_Jeong,produced,Crazy_Rich_Asians,0.5109092837,0
Eudoxia_of_Kiev,isMarriedTo,Mieszko_III_the_Old,0.4276425838,1
Kelly_Kapowski,isMarriedTo,Zack_Morris,0.3899741173,1
Buddha_Loetla_Nabhalai,isMarriedTo,Sri_Sulalai,0.4255933762,1
Alan_Rudolph,created,Trouble_in_Mind__film_,0.4168142378,1
Michel_Ocelot,created,Princes_et_princesses,0.982727468,1
Princess_Charlotte_of_Saxe-Hildburghausen,isMarriedTo,Prince_Paul_of_Württemberg,0.7453536391,1
Spike_Lester,isMarriedTo,Jessica_Bennett,0.4276425838,1
Alexander_III_of_Russia,isMarriedTo,Maria_Feodorovna__Dagmar_of_Denmark_,0.8466507494,1
Jean-Pierre_Mocky,directed,Un_drôle_de_paroissien,0.009042223,1
Rick_Rubin,directed,Tougher_Than_Leather__film_,0.3854900301,1
Yves_Angelo,directed,Colonel_Chabert__1994_film_,0.3425099254,1
Denis_Héroux,directed,Valérie,0.4474327564,1
Anne_of_Great_Britain,isMarriedTo,Prince_George_of_Denmark,0.3425099254,1
Kamal_Haasan,created,Thevar_Magan,0.4868915379,1
Hiten_Tejwani,isMarriedTo,Gauri_Pradhan_Tejwani,0.4911035895,1
Sunil_Dutt,produced,Reshma_Aur_Shera,0.4163707495,1
Natalia_Rivera_Aitoro,isMarriedTo,Gus_Aitoro,0.4137991965,1
Norman_Manley,isMarriedTo,Edna_Manley,0.3854900301,1
Adam_Chandler,isMarriedTo,Gloria_Marsh,1.2407752275,1
Alex_Chandon,created,Pervirella,0.4276425838,1
Ali_Selim,created,Sweet_Land,0.9510583878,1
Abel_Gance,directed,The_Ironmaster,0.6545621157,1
Zack_Morris,isMarriedTo,Kelly_Kapowski,0.7752238512,1
Alan_Alda,created,Sweet_Liberty,0.4276425838,1
Sam_Wilson,livesIn,Berlin_Germany,0.461109284,0
Ferdinand_II_of_Aragon,isMarriedTo,Isabella_I_of_Castile,0.5042210221,1
King_Vidor,created,Wild_Oranges,0.4736260176,1
Joseph_Warder,diedIn,Jeffersonville__Indiana,0.5703918934,1
Alan_Rudolph,created,Choose_Me,0.4508808255,1
Chan_Hung-lit,isMarriedTo,Angela_Pan,0.3425099254,1
Alexandrine_of_Mecklenburg-Schwerin,isMarriedTo,Christian_X_of_Denmark,0.6174110174,1
Zita_of_Bourbon-Parma,isMarriedTo,Charles_I_of_Austria,0.410369873,1
Emma_Heming,isMarriedTo,Bruce_Willis,0.3425099254,1
Abel_Gance,created,The_Tenth_Symphony,0.4177514613,1
Natalie_Buchanan,isMarriedTo,Cristian_Vega,0.403799504,1
Kate_Isitt,isMarriedTo,Nigel_Cole,0.4148387313,1
Quentin_Tarantino,created,Grave_Danger,0.427642554,0
Sunil_Dutt,actedIn,Reshma_Aur_Shera,0.4255533218,1
Artie_Lange,actedIn,Artie_Lange's_Beer_League,0.4276425838,1
Marco_Ferreri,directed,L'udienza,0.4177514613,1
Henry_Washington_Younger,isMarriedTo,Bersheba_Leighton_Fristoe,0.4276425838,1
Michael_Dowse,directed,FUBAR_2__film_,0.4219574928,1
Vladimir_Nabokov,isMarriedTo,Vera_Nabokov,0.4254780412,1
Jamil_Dehlavi,produced,The_Blood_of_Hussain,0.4587928057,1
Victoria_of_Baden,isMarriedTo,Gustaf_V_of_Sweden,0.982727468,1
Jacques_Doillon,directed,Family_Life__1985_film_,0.408759743,1
Ann_Keen,isMarriedTo,Alan_Keen,0.4276425838,1
Queen_Anne-Marie_of_Greece,isMarriedTo,Constantine_II_of_Greece,0.9931252599,1
Steven_E._de_Souza,created,Possessed__2000_film_,0.426497221,1
Simon_Templeman,isMarriedTo,Rosalind_Chao,0.5210872889,1
Lucien_Hubbard,directed,The_Mysterious_Island__1929_film_,0.4276425838,1
Leonid_Trauberg,created,The_Vyborg_Side,0.5173697472,1
Bertrade_de_Montfort,isMarriedTo,Philip_I_of_France,0.439953804,1
Noboru_Iguchi,directed,RoboGeisha,0.4411736727,1
Benito_Alazraki,created,Roots__film_,0.4140902162,1
Xander_Berkeley,isMarriedTo,Sarah_Clarke,0.4475468695,1
Abel_Gance,created,The_Mask_of_Horror,0.4219574928,1
Frank_Fay__American_actor_,isMarriedTo,Barbara_Stanwyck,0.4240758419,1
Carlos_Thompson,isMarriedTo,Lilli_Palmer,0.4376773536,1
Seth_Gabel,isMarriedTo,Bryce_Dallas_Howard,0.4439871311,1
Nikolai_Kulikovsky,isMarriedTo,Grand_Duchess_Olga_Alexandrovna_of_Russia,0.4224498272,1
Mai_Zetterling,created,Loving_Couples__1964_film_,0.4244270027,0
Saif_Ali_Khan,isMarriedTo,Amrita_Singh,0.9664277434,1
Gloria_Marsh,isMarriedTo,Adam_Chandler,0.7456233501,1
Debsirindra,isMarriedTo,Mongkut,0.4158461094,1
Elisabeth_of_Wied,isMarriedTo,Carol_I_of_Romania,0.5430480838,1
Nelson_George,created,Life_Support__film_,0.4276426435,1
Alan_Rudolph,directed,Afterglow__film_,0.3919160366,1
Grand_Duchess_Alexandra_Georgievna_of_Russia,isMarriedTo,Grand_Duke_Paul_Alexandrovich_of_Russia,0.3425099254,1
Sri_Sulalai,isMarriedTo,Buddha_Loetla_Nabhalai,0.4172903001,1
Quentin_Tarantino,actedIn,My_Best_Friend's_Birthday,0.4276425838,1
Warren_Beatty,created,Bulworth,0.3425098658,1
Quentin_Tarantino,produced,From_Dusk_till_Dawn,0.4276426733,1
Constance_of_Aragon,isMarriedTo,Emeric_of_Hungary,0.4276425838,1
Gertrude_of_Merania,isMarriedTo,Andrew_II_of_Hungary,0.6132112145,1
Chulalongkorn,isMarriedTo,Saovabha_Bongsri,0.4276425838,1
Abhishek_Bachchan,isMarriedTo,Aishwarya_Rai,0.9507640004,1
Ronald_Reagan,isMarriedTo,Nancy_Reagan,0.4276426435,1
Leander_Haußmann,directed,NVA__film_,0.4276426435,1
Sidney_Luft,isMarriedTo,Lynn_Bari,0.425349474,1
Alex_Chandon,directed,Bad_Karma__1991_film_,0.4739507139,1
Ethan_Winthrop,isMarriedTo,Theresa_Lopez-Fitzgerald_Crane,0.8326429129,1
David_Gest,isMarriedTo,Liza_Minnelli,0.7939819098,1
Margaret_of_Valois,isMarriedTo,Henry_IV_of_France,0.4063876569,1
Pierce_Brosnan,isMarriedTo,Keely_Shaye_Smith,0.3425098658,1
Robin_Williams,created,Mrs._Doubtfire,0.4321393669,1
Jennifer_Rappaport,isMarriedTo,Rex_Balsom,0.4276425838,1
Eric_Byler,created,Americanese,0.4820221663,1
Mutemwiya,isMarriedTo,Thutmose_IV,0.3425099254,1
Andrew_Lane,produced,Jake_Speed,0.4769188464,1
Henri-Georges_Clouzot,created,La_Vérité__film_,0.4343757629,1
Jeffrey_Hunter,isMarriedTo,Barbara_Rush,0.3993825614,1
Clive_Barker,directed,Lord_of_Illusions,0.4475468695,1
Sophia_Magdalena_of_Denmark,isMarriedTo,Gustav_III_of_Sweden,0.6219930649,1
Tiye,isMarriedTo,Amenhotep_III,0.4730758667,1
Peter_Gilmore,isMarriedTo,Jan_Waters,0.4363262951,1
Keely_Shaye_Smith,isMarriedTo,Pierce_Brosnan,0.8987200558,1
Masud_Ahmad,worksAt,Pakistan_Atomic_Energy_Commission,0.3909683228,1
Abel_Gance,created,The_Zone_of_Death,0.4791519642,1
Leonid_Trauberg,directed,The_Vyborg_Side,0.3425098658,1
Alex_Chandon,created,Drillbit__film_,0.4163762033,1
Colin_Mochrie,isMarriedTo,Debra_McGrath,0.4276425838,1
Neil_Gaiman,directed,A_Short_Film_About_John_Bolton,0.9675124288,1
Gauri_Pradhan_Tejwani,isMarriedTo,Hiten_Tejwani,0.6789800525,1
Marie_de'_Medici,isMarriedTo,Henry_IV_of_France,0.4561446011,1
Maria_Feodorovna__Dagmar_of_Denmark_,isMarriedTo,Alexander_III_of_Russia,0.7394189239,1
Henry_I_of_France,isMarriedTo,Anne_of_Kiev,0.4276425838,1
Marco_Ferreri,created,Bye_Bye_Monkey,1.0709328652,1
François_Dupeyron,created,Monsieur_Ibrahim,0.342509985,1
Jackson_Montgomery,isMarriedTo,Erica_Kane,0.7798778415,1
Cassandra_Harris,isMarriedTo,Pierce_Brosnan,0.5797290802,1
Fernando_Cerchio,created,Lulu__1953_film_,0.3425099254,1
Warren_Beatty,produced,Heaven_Can_Wait__1978_film_,0.5110214949,0
Kevin_Buchanan,isMarriedTo,Kelly_Cramer,0.4276425838,1
Fernando_Cerchio,directed,Lulu__1953_film_,0.4238684773,1
Maria_Christina_of_Savoy,isMarriedTo,Ferdinand_II_of_the_Two_Sicilies,0.4276426435,1
Kelly_Cramer,isMarriedTo,Joey_Buchanan,0.4219606519,1
Tony_McHale,created,Carol_Jackson,0.5110214949,1
Priyanka_Chopra,isMarriedTo,Joe_Jonas,0.4389283653,0
Pieter_Verhoeff,directed,Mates__film_,0.9671788216,1
Cliff_Robertson,produced,J._W._Coop,0.3425099254,1
Duke_Karl-Theodor_in_Bavaria,isMarriedTo,Princess_Sophie_of_Saxony,0.8438349367,1
Catherine_de'_Medici,isMarriedTo,Henry_II_of_France,0.3425099254,1
Warren_Beatty,directed,Dick_Tracy__1990_film_,0.982727468,1
Kenneth_Branagh,produced,Love's_Labour's_Lost__2000_film_,0.3425098956,1
Dudley_Moore,isMarriedTo,Suzy_Kendall,0.9190146327,1
Mongkut,isMarriedTo,Pannarai,0.8981614113,1
Ferdinand_VII_of_Spain,isMarriedTo,Maria_Christina_of_the_Two_Sicilies,0.4276425838,1
Johann_Georg_Macasius,livesIn,Germany,0.4276425838,1
Leonid_Trauberg,created,Simple_People,0.4328105748,1
Jan_Waters,isMarriedTo,Peter_Gilmore,0.4143873155,1
Brooke_English,hasChild,Tad_Martin,0.4276425838,1
Tina_Lord,isMarriedTo,David_Vickers,0.4906407595,1
Jacques_Feyder,directed,Crainquebille,0.4276425838,1
Louise_of_Mecklenburg-Strelitz,isMarriedTo,Frederick_William_III_of_Prussia,0.4731851518,1
Mitt_Romney,livesIn,Virginia,0.4483789284,0
Eleanor_Boardman,isMarriedTo,King_Vidor,0.4382587075,1
Henry_Hotspur_Percy,isMarriedTo,Lady_Elizabeth_Mortimer,0.982727468,1
Princess_Marie_of_Denmark,isMarriedTo,Prince_Joachim_of_Denmark,0.4508924186,1
Princess_Margaret_of_Connaught,isMarriedTo,Gustaf_VI_Adolf_of_Sweden,0.9670497775,1
Pierce_Brosnan,isMarriedTo,Cassandra_Harris,0.4557040632,1
Harold_Nicholas,isMarriedTo,Dorothy_Dandridge,0.4246463776,1
Jonathan_Lee__record_producer_,isMarriedTo,Sandy_Lam,0.4438133836,1
Tony_McHale,created,Billie_Jackson,0.982727468,1
Abel_Gance,produced,J'accuse!__1938_film_,0.4192229509,1
Princess_Amalie_of_Hohenzollern-Sigmaringen,isMarriedTo,Prince_Eduard_of_Saxe-Altenburg,0.7023416758,1
Michael_Langone,created,Recovery_from_Cults,0.4770260155,1
Soamsavali_Kitiyakara,isMarriedTo,Vajiralongkorn,0.982727468,1
Judy_Carne,isMarriedTo,Burt_Reynolds,0.6333646774,1
Mohéli,hasOfficialLanguage,Arabic_language,0.4587928057,1
Saeed_Akhtar_Mirza,directed,Albert_Pinto_Ko_Gussa_Kyon_Aata_Hai,0.6772263646,1
Princess_Dorothea_of_Bavaria,isMarriedTo,Archduke_Gottfried_of_Austria,0.5242925286,1
Nazli_Sabri,isMarriedTo,Fuad_I_of_Egypt,0.4143873155,1
Blanche_I_of_Navarre,isMarriedTo,John_II_of_Aragon,0.3992562592,1
Emilio_Fernández,created,The_Torch__film_,0.4254616797,1
Clive_Barker,produced,Lord_of_Illusions,0.5158090591,1
Warren_Beatty,actedIn,Love_Affair__1994_film_,0.3425099254,1
Marco_Ferreri,directed,Don't_Touch_the_White_Woman!,0.4276425838,1
Cristian_Vega,isMarriedTo,Natalie_Buchanan,0.5175381303,1
Kenneth_Branagh,isMarriedTo,Emma_Thompson,0.4372947514,1
Mark_E._Kelly,isMarriedTo,Gabrielle_Giffords,0.4151395857,1
Mohéli,hasOfficialLanguage,Comorian_language,0.5507027507,1
Ruth_Martin__All_My_Children_,hasChild,Joe_Martin__All_My_Children_,0.4163707495,1
Gustaf_VI_Adolf_of_Sweden,isMarriedTo,Louise_Mountbatten,0.4276425838,1
Christian_X_of_Denmark,isMarriedTo,Alexandrine_of_Mecklenburg-Schwerin,0.6785056591,1
Wendi_Deng,isMarriedTo,Rupert_Murdoch,0.6205144525,1
Nora_Hanen,isMarriedTo,Bo_Buchanan,0.3425099254,1
King_Vidor,directed,Bud's_Recruit,0.3425098956,1
King_Vidor,created,Love_Never_Dies__1921_film_,0.9831892848,1
Alan_Alda,created,The_Four_Seasons__film_,0.4313018918,1
Dimitri_Marick,isMarriedTo,Gloria_Marsh,0.9827275276,1
Frances_Langford,isMarriedTo,Jon_Hall,0.4336505532,1
Prince_Paul_of_Württemberg,isMarriedTo,Princess_Charlotte_of_Saxe-Hildburghausen,0.4053266943,1
Albert_Einstein,isMarriedTo,Mileva_Marić,0.3425099254,1
Jeffrey_Byron,isMarriedTo,Gail_O'Grady,0.6881478429,1
Bolesław_IV_the_Curly,isMarriedTo,Viacheslava_of_Novgorod,0.7250724435,1
Artie_Lange,produced,Artie_Lange's_Beer_League,0.4810380936,1
Nathan_Hastings,isMarriedTo,Olivia_Winters,0.3989897966,1
Dorian_Lord,isMarriedTo,Mitch_Laurence,0.9850667119,1
Vasili_III_of_Russia,isMarriedTo,Solomonia_Saburova,0.4276425838,1
Peter_III_of_Russia,isMarriedTo,Catherine_II_of_Russia,0.4053266943,1
Abel_Gance,actedIn,End_of_the_World__1931_film_,0.4276425838,1
Michael_Bell__mayor_,livesIn,Toledo__Ohio,0.4140322506,1
Saeed_Akhtar_Mirza,produced,Mohan_Joshi_Hazir_Ho!,0.3425099254,1
Martin_Lawrence,actedIn,You_So_Crazy,0.6918438673,1
Elena_Glinskaya,isMarriedTo,Vasili_III_of_Russia,0.4413212836,1
Natalie_Buchanan,isMarriedTo,Mitch_Laurence,0.9507641196,1
Leopold_III_of_Belgium,isMarriedTo,Astrid_of_Sweden,0.4769555628,1
Amitabh_Bachchan,isMarriedTo,Jaya_Bachchan,0.8781985938,1
Paloma_Lopez-Fitzgerald,isMarriedTo,Noah_Bennett,0.4974099994,1
Norodom_Sihanouk,produced,My_Village_at_Sunset,0.3425099254,1
Joseph_Heller,created,Catch-22,0.7014061809,1
Dragan_Nikolić,isMarriedTo,Milena_Dravić,0.4148387313,1
Amrita_Singh,isMarriedTo,Saif_Ali_Khan,0.5426337719,1
Leonard_Woolf,isMarriedTo,Virginia_Woolf,0.3425098658,1
Saeed_Akhtar_Mirza,created,Mohan_Joshi_Hazir_Ho!,0.5173323154,1
Thutmose_IV,isMarriedTo,Mutemwiya,0.9827275276,1
Leander_Haußmann,created,Sonnenallee,0.4219068587,1
Steve_Carell,isMarriedTo,Nancy_Carell,1.3860924542,1
James_Corden,livesIn,Detroit,0.3979028378,0
Debra_McGrath,isMarriedTo,Colin_Mochrie,0.420517385,1
Lilli_Palmer,isMarriedTo,Rex_Harrison,0.4474327564,1
Šarūnas_Bartas,created,Few_of_Us,0.4413212836,1
Rosalind_Chao,isMarriedTo,Simon_Templeman,0.4276426435,1
Joe_McStravick,produced,Murphy_771,0.9831851721,0
Marco_Ferreri,directed,The_Ape_Woman,0.4166514277,1
Abel_Gance,directed,J'accuse!__1938_film_,0.4373797774,1
Saovabha_Bongsri,isMarriedTo,Chulalongkorn,0.4296900332,1
Kenneth_Branagh,directed,Love's_Labour's_Lost__2000_film_,0.4088079929,1
Joe_Martin__All_My_Children_,hasChild,Ruth_Martin__All_My_Children_,0.3854900301,1
Hoyan_Mok,isMarriedTo,Alex_Fong__actor_,0.3425098658,1
Kenneth_Branagh,directed,Henry_V__1989_film_,0.3425099254,1
Emilio_Fernández,directed,Flor_Silvestre,0.6236963868,1
Luis_Bayón_Herrera,directed,Jettatore,0.4918446541,1
Peter_Sollett,produced,Raising_Victor_Vargas,0.507876873,1
Sandra_Goldbacher,created,Me_Without_You__film_,0.3425099254,1
Queen_Sofía_of_Spain,isMarriedTo,Juan_Carlos_I_of_Spain,0.4562594891,1
Daniel_C._Miller,isLeaderOf,Harrisburg__Pennsylvania,0.9827275276,1
Countess_Palatine_Anne_Christine_of_Sulzbach,isMarriedTo,Charles_Emmanuel_III_of_Sardinia,0.4185123444,1
Burt_Reynolds,isMarriedTo,Loni_Anderson,0.4318557382,1
Héctor_Soberón,isMarriedTo,Michelle_Vieth,0.4153364301,1
Ingrid_of_Sweden,isMarriedTo,Frederick_IX_of_Denmark,0.4274803698,1
Irving_Thalberg,isMarriedTo,Norma_Shearer,0.3849399984,1
Abel_Gance,directed,Les_Gaz_mortels,0.5996409655,1
Michael_Langone,isKnownFor,Recovery_from_Cults,0.4140322506,1
Dulce_of_Aragon,isMarriedTo,Sancho_I_of_Portugal,0.4113820195,1
Ishirō_Honda,directed,Destroy_All_Monsters,0.4276425838,1
Blake_Lively,isCitizenOf,Massachusetts,0.4231672836,0
Marshall_Brickman,created,The_Manhattan_Project__film_,0.4954039156,1
Cornel_West,isKnownFor,Race_Matters,0.5110214949,1
Akhenaten,isMarriedTo,Nefertiti,0.4413212836,1
Suvadhana,isMarriedTo,Vajiravudh,0.4276425838,1
Maud_of_Savoy,isMarriedTo,Afonso_I_of_Portugal,0.6545621157,1
Emilio_Fernández,directed,Maclovia__1948_film_,0.4276425838,1
Jean-Pierre_Bekolo,produced,Les_Saignantes,0.4276425838,1
Sibila_of_Fortia,isMarriedTo,Peter_IV_of_Aragon,0.0183418393,1
Marco_Ferreri,created,I_Love_You__1986_film_,0.4276425838,1
Padma_Lakshmi,isMarriedTo,Salman_Rushdie,0.6309484839,1
Stephen_V_of_Hungary,isMarriedTo,Elizabeth_the_Cuman,0.694501102,1
Stephen_of_England,isMarriedTo,Matilda_of_Boulogne,0.6944193244,1
Tzang_Merwyn_Tong,directed,A_Wicked_Tale,0.4313018918,1
Virginia_Woolf,isMarriedTo,Leonard_Woolf,0.416775465,1
Steven_E._de_Souza,created,Arnold's_Wrecking_Co.,0.4372947514,1
James_Cruze,isMarriedTo,Betty_Compson,0.4313018918,1
Abel_Gance,directed,The_Mask_of_Horror,0.4475468695,1
Neela_Rasgotra,isMarriedTo,Ray_Barnett,0.4276425838,1
Craig_Ferguson,created,I'll_Be_There__film_,0.4276425838,1
Norodom_Sihanouk,produced,An_Ambition_Reduced_to_Ashes,0.5701753497,1
James_Cruze,isMarriedTo,Marguerite_Snow,0.4346377552,1
Aishwarya_Rai,isMarriedTo,Abhishek_Bachchan,0.4213554561,1
Brooke_English,isMarriedTo,Adam_Chandler,0.4276423454,1
Rex_Harrison,isMarriedTo,Kay_Kendall,0.4318557382,1
Brian_Benben,isMarriedTo,Madeleine_Stowe,0.4346316457,1
Carol_I_of_Romania,isMarriedTo,Elisabeth_of_Wied,0.8836733103,1
Mahidol_Adulyadej,isMarriedTo,Srinagarindra,0.4439871311,1
Harley_Cooper,isMarriedTo,Gus_Aitoro,0.4276425838,1
Blair_Cramer,hasChild,Todd_Manning,0.3425099254,1
Camille_Keaton,isMarriedTo,Meir_Zarchi,0.3425099254,1
Marco_Ferreri,directed,The_Conjugal_Bed,0.4464122653,1
Jacques_Doillon,directed,Ponette,0.4354399741,1
Allan_Steiger,isMarriedTo,Janelle_Timmins,0.4366379976,1
Liang_Sicheng,isMarriedTo,Lin_Huiyin,0.4324305952,1
Joseph_Warder,wasBornIn,Jeffersonville__Indiana,0.4439871311,1
Henri-Georges_Clouzot,isMarriedTo,Véra_Clouzot,0.3993825912,1
Antonio_Vega,isMarriedTo,Jessica_Buchanan,0.4276425838,1
Emma_Thompson,isMarriedTo,Greg_Wise,0.4185407758,1
Michelle_Vieth,isMarriedTo,Héctor_Soberón,0.5842393041,1
Jon_Hall,isMarriedTo,Raquel_Torres,0.4276425838,1
Harry_Enfield,produced,Kevin_&_Perry_Go_Large,0.3425099254,0
Jacques_Doillon,directed,The_Hussy,0.4555718601,1
Zak_Penn,directed,The_Grand__film_,0.4276425838,1
Joey_Buchanan,isMarriedTo,Kelly_Cramer,0.6781491637,1
Alyce_Faye_Eichelberger,isMarriedTo,John_Cleese,0.4276425838,1
Anna_Rice_Cooke,isMarriedTo,Charles_Montague_Cooke,0.5742427707,1
Max_Jacoby,created,Dust__2009_film_,0.447383523,1
Michael_Tolkin,directed,The_Rapture__film_,0.4075498581,1
Samuel_Augustus_Barnett,isMarriedTo,Henrietta_Barnett,0.471540451,1
Caroline_Ingalls,isMarriedTo,Charles_Ingalls,0.4191691279,1
Elissa_Ambrose,hasChild,Sarah_Mlynowski,0.3425099254,1
Salman_Rushdie,isMarriedTo,Padma_Lakshmi,0.4010511041,1
Shuji_Kataoka,directed,S&M_Hunter,0.3838252723,1
Emilio_Fernández,directed,Pueblerina,0.4268352985,1
Jack_Lemmon,isMarriedTo,Felicia_Farr,0.3425099254,1
Sirikit,isMarriedTo,Bhumibol_Adulyadej,0.4432447255,1
Nancy_Juvonen,isMarriedTo,Jimmy_Fallon,0.3425099254,1
Michele_Lupo,directed,The_Master_Touch,0.9669585228,1
Bernd_von_Beyenbach,isMarriedTo,Carla_von_Lahnstein,0.9347851872,1
Gustaf_VI_Adolf_of_Sweden,isMarriedTo,Princess_Margaret_of_Connaught,0.4276425838,1
Harley_Cooper,hasChild,Phillip_Spaulding,0.4276425838,1
Vilsoni_Hereniko,produced,The_Land_Has_Eyes,0.3425099254,1
Amenhotep_III,isMarriedTo,Tiye,0.3922756612,1
Phyllis_Logan,isMarriedTo,Kevin_McNally,0.4203598499,1
Savang_Vadhana,isMarriedTo,Chulalongkorn,0.9850686789,1
Norodom_Sihanouk,directed,An_Ambition_Reduced_to_Ashes,0.3425098658,1
Meir_Zarchi,isMarriedTo,Camille_Keaton,0.4158948064,1
Prince_René_of_Bourbon-Parma,isMarriedTo,Princess_Margaret_of_Denmark,0.4949637353,1
Paul_Auster,directed,Lulu_on_the_Bridge,0.420517385,1
Bersheba_Leighton_Fristoe,isMarriedTo,Henry_Washington_Younger,0.4695816636,1
Joachim_Murat,isMarriedTo,Caroline_Bonaparte,0.4276425838,1
Donald_Knuth,created,TeX,0.3425099254,1
Abel_Gance,directed,The_Zone_of_Death,0.5507027507,1
George_V_of_the_United_Kingdom,isMarriedTo,Mary_of_Teck,0.8552851676,1
Marco_Ferreri,created,El_Cochecito,0.8791208565,1
Mary_of_Teck,isMarriedTo,George_V_of_the_United_Kingdom,0.4276425838,1
Sandra_Goldbacher,created,The_Governess,0.6704207659,1
Albert_II_of_Belgium,isMarriedTo,Queen_Paola_of_Belgium,0.4276425838,1
Wenceslaus_II_of_Bohemia,isMarriedTo,Judith_of_Habsburg,1.242977053,1
Joe_McStravick,created,Murphy_771,0.982727468,1
Alan_Alda,isMarriedTo,Arlene_Alda,0.3843609095,1
Maurice_Cloche,created,Peppino_e_Violetta,0.9675983787,1
Bill_Condon,created,Dreamgirls__film_,0.4333812296,1
Germanicus,isMarriedTo,Agrippina_the_Elder,0.4066321254,1
Lucien_Hubbard,directed,Rose-Marie__1928_film_,0.4079977572,1
Jean-Pierre_Bekolo,created,Les_Saignantes,0.4276425838,1
Bert_Haanstra,created,Fanfare__film_,0.4276425838,1
Zhang_Yixing,produced,Sheep,0.5091028939,0
Tamiliam_Subas,created,Vanni_Mouse,0.5054743886,1
Prince_Henry_of_Battenberg,isMarriedTo,Princess_Beatrice_of_the_United_Kingdom,0.4860706031,1
Philip_I_of_Castile,isMarriedTo,Joanna_of_Castile,0.4181512892,1
Camille_Keaton,isMarriedTo,Sidney_Luft,0.4276425838,1
Allan_Steiger,isMarriedTo,Christine_Rodd,0.4221356511,1
Archduchess_Theresa_of_Austria__b._1931_,isMarriedTo,Prince_Rasso_of_Bavaria,0.3425099254,1
Kim_Timmins,isMarriedTo,Janelle_Timmins,0.3425099254,1
Brian_Baker__actor_,isMarriedTo,Terry_Farrell__actress_,0.4276425838,1
Vic_Morrow,created,A_Man_Called_Sledge,0.6545621157,1
Victor_Salva,directed,Clownhouse,0.418971777,1
Terry_Farrell__actress_,isMarriedTo,Brian_Baker__actor_,0.3988951445,1
Jaromil_Jireš,directed,The_Cry__1963_film_,0.4251219928,1
Clint_Buchanan,isMarriedTo,Nora_Hanen,0.3425099254,1
Prince_Valdemar_of_Denmark,isMarriedTo,Princess_Marie_of_Orléans__1865–1909_,0.5007817149,1
Al_Pacino,created,Looking_for_Richard,0.3854900301,0
Henry_IV_of_France,isMarriedTo,Marie_de'_Medici,0.4467203617,1
Isabella_I_of_Castile,isMarriedTo,Ferdinand_II_of_Aragon,0.4799813628,1
Dudley_Moore,isMarriedTo,Tuesday_Weld,0.4276424944,1
Harley_Cooper,isMarriedTo,Phillip_Spaulding,1.0779486597,1
Greg_Wise,isMarriedTo,Emma_Thompson,0.4177514613,1
Martin_Lawrence,produced,You_So_Crazy,0.764901042,1
Dominique_Deruddere,created,Everybody's_Famous!,0.5578237176,1
Will_Self,isMarriedTo,Deborah_Orr,0.4107450843,1
JR_Chandler,hasChild,Marissa_Tasker,0.6870574951,1
Christopher_Knight,isMarriedTo,Adrianne_Curry,0.4276425838,1
Maria_Carolina_of_Austria,isMarriedTo,Ferdinand_I_of_the_Two_Sicilies,0.3425099254,1
Adelaide_of_Saxe-Meiningen,isMarriedTo,William_IV_of_the_United_Kingdom,0.4402449429,1
Emilio_Estevez,directed,The_War_at_Home__film_,0.4106097221,1
Ward_Kimball,directed,Man_in_Space,0.425349474,1
Bruce_Willis,isMarriedTo,Emma_Heming,0.3993825912,1
Maria_Josepha_of_Austria,isMarriedTo,Augustus_III_of_Poland,0.4276425838,1
Jamil_Dehlavi,directed,The_Blood_of_Hussain,0.5185357928,1
Juana_Enríquez,isMarriedTo,John_II_of_Aragon,0.4276425838,1
Sylvia_Anderson,isMarriedTo,Gerry_Anderson,0.3849399984,1
Louis_XI_of_France,isMarriedTo,Charlotte_of_Savoy,0.4163707495,1
Cliff_Robertson,actedIn,J._W._Coop,0.3425099254,1
Isabel_Coixet,created,The_Secret_Life_of_Words,0.7456233501,1
Daniel_Rodney,diedIn,Lewes__Delaware,0.4276425838,1
Abel_Gance,directed,La_Digue__film_,0.4984901547,1
Hermann_Einstein,isMarriedTo,Pauline_Koch,0.679006815,1
Charles_III_of_Spain,isMarriedTo,Maria_Amalia_of_Saxony,0.4276425838,1
Margaret_Leighton,isMarriedTo,Laurence_Harvey,0.5376424789,1
Daniel_Rodney,wasBornIn,Lewes__Delaware,0.4208533764,1
David_Dhawan,created,Taaqatwar,0.4161922038,1
Emilio_Fernández,created,Río_Escondido__1948_film_,0.4321557581,1
Deborah_Orr,isMarriedTo,Will_Self,0.4048678875,1
King_Vidor,directed,Love_Never_Dies__1921_film_,0.9669585228,1
Marco_Ferreri,created,The_Story_of_Piera,0.8394492269,1
Eric_Byler,directed,Americanese,0.3425099254,1
Maria_Josepha_of_Saxony,isMarriedTo,Ferdinand_VII_of_Spain,0.4106097221,1
Dani_Levy,directed,Alles_auf_Zucker!,0.4276425838,1
Umaru_Yar'Adua,isMarriedTo,Turai_Yar'Adua,0.4586651325,1
Saeed_Akhtar_Mirza,directed,Arvind_Desai_Ki_Ajeeb_Dastaan,0.7166872025,1
Kim_Taehyung,actedIn,My_Love_from_another_Star,0.309019933,0
Prince_George_Valdemar_of_Denmark,isMarriedTo,Princess_Anne_of_Denmark,0.4276425838,1
Guan_Hu,created,Dirt__1994_film_,0.9027172327,1
Abel_Gance,directed,Le_périscope,0.4106097221,1
Judith_of_Bohemia,isMarriedTo,Władysław_I_Herman,0.4380054474,1
Richard_Attenborough,isMarriedTo,Sheila_Sim,0.9833292365,1
Benito_Alazraki,created,Santo_Contra_los_Zombis,0.3425099254,1
Saeed_Akhtar_Mirza,directed,Salim_Langde_Pe_Mat_Ro,0.4700280428,1
Jacques_Feyder,created,Crainquebille,0.4191691279,1
John_I_of_Aragon,isMarriedTo,Martha_of_Armagnac,0.3425099254,1
Rodney_Dangerfield,actedIn,Rover_Dangerfield,0.414090246,1
Therese_of_Saxe-Hildburghausen,isMarriedTo,Ludwig_I_of_Bavaria,0.5536646247,1
Michel_Houellebecq,created,La_Possibilité_d'une_île__film_,1.2981514335,1
Henri-Georges_Clouzot,created,Le_Corbeau,0.416775465,1
Abel_Gance,created,Un_drame_au_château_d'Acre,0.4276425838,1
Matt_Damon,produced,The-Great_Wall,0.4418927385,0
David_Vickers,isMarriedTo,Tina_Lord,0.429915905,1
Harriet_G._Walker,isMarriedTo,T._B._Walker,0.9275230169,1
Prince_Karl_Anton_of_Hohenzollern,isMarriedTo,Princess_Joséphine_Caroline_of_Belgium,0.4276425838,1
Comoros,hasOfficialLanguage,Comorian_language,0.4629982412,1
Jim_Carrey,isMarriedTo,Lauren_Holly,0.5020970702,1
Frederick_IX_of_Denmark,isMarriedTo,Ingrid_of_Sweden,0.4276425838,1
Palito_Ortega,directed,El_Tío_Disparate,0.4276425838,1
Aldo_Ray,isMarriedTo,Jeff_Donnell,0.4387450814,1
Marco_Ferreri,created,Don't_Touch_the_White_Woman!,0.4198715389,1
Marco_Ferreri,directed,Liza__film_,0.3854900301,1
Pierre_Andre,directed,I'm_Not_Single,0.4413212836,1
Lindsay_Rappaport,isMarriedTo,Clint_Buchanan,0.4210639894,1
Isabel_Coixet,directed,The_Secret_Life_of_Words,0.4850607514,1
Princess_Maria_Elisabeth_of_Bavaria,isMarriedTo,Prince_Pedro_Henrique_of_Orléans-Braganza,0.6114704609,1
Summer_Roberts,isMarriedTo,Seth_Cohen,0.4091893435,1
Nasser_Taghvai,directed,Tales_of_Kish,0.4276425838,1
Cornel_West,created,Race_Matters,0.4246463776,1
Benito_Alazraki,directed,Santo_Contra_los_Zombis,0.3843609095,1
Władysław_I_Herman,isMarriedTo,Judith_of_Bohemia,0.9507640004,1
Louise_Mountbatten,isMarriedTo,Gustaf_VI_Adolf_of_Sweden,0.7545145154,1
Henry_VI_of_England,isMarriedTo,Margaret_of_Anjou,0.4276425838,1
Nasser_Taghvai,directed,Captain_Khorshid,0.4051913619,1
Oh Sehun,actedIn,The_Cat_Man,0.4019029939,0
Frederick_Augustus_II_of_Saxony,isMarriedTo,Archduchess_Marie_Caroline_of_Austria,0.3425099254,1
Jimmy_Fallon,isMarriedTo,Nancy_Juvonen,0.4464122653,1
Emma_Thompson,isMarriedTo,Kenneth_Branagh,0.4203598201,1
Palito_Ortega,produced,El_Tío_Disparate,0.3957529068,1
Prince_Muhammad_bin_Talal,isMarriedTo,Princess_Firyal_of_Jordan,0.9809149206,1
Constance_of_Austria,isMarriedTo,Sigismund_III_Vasa,0.43302387,1
Kay_Bennett,isMarriedTo,Miguel_Lopez-Fitzgerald,0.950914681,1
Manish_Gupta,created,The_Stoneman_Murders,0.3425098658,1
Eddie_Griffin,created,Dysfunktional_Family,0.9833658934,1
François_Dupeyron,directed,Monsieur_Ibrahim,0.3425099254,1
Gaby_Dellal,isMarriedTo,Eric_Fellner,0.5235222578,1
Kimberly_Kagan,isMarriedTo,Frederick_Kagan,0.8552852273,1
Isabella_of_Burgundy__1270–1323_,isMarriedTo,Rudolph_I_of_Germany,0.420143038,1
Margaret_of_Anjou,isMarriedTo,Henry_VI_of_England,0.4276425838,1
Mohéli,isLocatedIn,Comoros,0.4318556786,1
Alex_Chandon,actedIn,Bad_Karma__1991_film_,0.4231376648,1
Paul_Spence,created,FUBAR_2__film_,0.5711666942,1
Gustaf_V_of_Sweden,isMarriedTo,Victoria_of_Baden,0.4276425838,1
Jay_Leno,isMarriedTo,Mavis_Leno,0.4122210741,1
Kenneth_Branagh,created,Love's_Labour's_Lost__2000_film_,0.9670999646,1
Richard_Francis_Burton,isMarriedTo,Isabel_Burton,0.4276425838,1
Grand_Empress_Dowager_Shangguan,isMarriedTo,Emperor_Zhao_of_Han,0.9669585228,1
Sophie_Amalie_of_Brunswick-Lüneburg,isMarriedTo,Frederick_III_of_Denmark,0.7014061809,1
Quentin_Tarantino,directed,My_Best_Friend's_Birthday,0.8469986021,1
Alexandre_Astruc,directed,The_Crimson_Curtain,0.4276425838,1
Daniel_Rodney,livesIn,Lewes__Delaware,1.0271308422,1
Jacques_Doillon,directed,The_Pirate__1984_film_,0.4276425838,1
Anne_Jeffreys,isMarriedTo,Robert_Sterling,0.4338113666,1
Noboru_Iguchi,created,RoboGeisha,0.4150068164,1
Jacques_Feyder,created,L'Atlantide__1921_film_,0.4319685102,1
Zak_Penn,created,The_Grand__film_,0.764901042,1
Harry_Enfield,actedIn,Kevin_&_Perry_Go_Large,0.4535547197,1
Joseph_Warder,livesIn,Jeffersonville__Indiana,0.4050894678,1
Emilio_Fernández,directed,The_Torch__film_,0.5874875188,1
Lin_Huiyin,isMarriedTo,Liang_Sicheng,0.4177514613,1
Barbara_Steele,isMarriedTo,James_Poe,0.4475468695,1
Tony_Bui,created,Three_Seasons,0.4276425838,1
Jessica_Bennett,isMarriedTo,Spike_Lester,0.3425099254,1
Román_Viñoly_Barreto,directed,La_Bestia_debe_morir,0.9015903473,1
Pieter_Verhoeff,created,Mates__film_,0.4233150184,1
Princess_Béatrice_of_Bourbon-Two_Sicilies,isMarriedTo,Charles_Napoléon,0.3425099254,1
Šarūnas_Bartas,directed,Few_of_Us,0.3937256038,1
Laurence_Harvey,isMarriedTo,Margaret_Leighton,0.4276425838,1
Claudius,isMarriedTo,Agrippina_the_Younger,0.4469012618,1
James_Rubin,isMarriedTo,Christiane_Amanpour,0.4276425838,1
Tony_Bui,directed,Three_Seasons,0.8309075832,1
Beatrice_d'Este,isMarriedTo,Ludovico_Sforza,0.4962947369,1
Kenneth_Branagh,created,A_Midwinter's_Tale,0.3425099254,1
Kenneth_Branagh,created,Henry_V__1989_film_,0.3425099254,1
John_Cleese,isMarriedTo,Connie_Booth,0.4528323114,1
Ansgar_von_Lahnstein,isMarriedTo,Nathalie_Käppler,0.4276425838,1
Mai_Zetterling,directed,Loving_Couples__1964_film_,0.4324305952,1
Mongkut,isMarriedTo,Debsirindra,0.5061404109,1
King_Vidor,isMarriedTo,Eleanor_Boardman,0.7265754342,1
Suzy_Kendall,isMarriedTo,Dudley_Moore,0.4242663383,1
Paul_Spence,actedIn,FUBAR__film_,0.4148387313,1
Robert_Nathan,isMarriedTo,Anna_Lee,0.5449169874,1
Siva_Selliah,diedIn,Colombo,0.3425099254,1
George_P._Putnam,isMarriedTo,Amelia_Earhart,0.4276425838,1
Madeleine_Stowe,isMarriedTo,Brian_Benben,0.4276425838,1
JR_Chandler,isMarriedTo,Marissa_Tasker,0.9669585228,1
Abel_Gance,created,La_Folie_du_Docteur_Tube,0.4276424348,1
David_Vickers,isMarriedTo,Dorian_Lord,0.4229846895,1
Daniel_C._Miller,wasBornIn,Harrisburg__Pennsylvania,0.9509115219,1
Umberto_I_of_Italy,isMarriedTo,Margherita_of_Savoy,0.4654657245,1
Emilio_Fernández,created,Flor_Silvestre,0.5185357928,1
Nathalie_Käppler,isMarriedTo,Ansgar_von_Lahnstein,0.7268654108,1
Leonid_Trauberg,created,The_Return_of_Maxim,1.3252373934,1
Marty_Feldman,directed,In_God_We_Tru$t,0.4234670699,1
Henry_IV_of_France,isMarriedTo,Margaret_of_Valois,0.3854900301,1
Sandy_Lam,isMarriedTo,Jonathan_Lee__record_producer_,0.4003387988,1
James_Poe,isMarriedTo,Barbara_Steele,0.4850502908,1
Archduchess_Maria_Clementina_of_Austria,isMarriedTo,Francis_I_of_the_Two_Sicilies,0.4503163993,1
Henrietta_Barnett,isMarriedTo,Samuel_Augustus_Barnett,0.5247564316,1
Marty_Feldman,actedIn,In_God_We_Tru$t,0.4177514017,1
Kelly_Cramer,isMarriedTo,Kevin_Buchanan,0.8258458972,1
Leonid_Trauberg,directed,The_Return_of_Maxim,0.9662849903,1
Alan_Rudolph,directed,Choose_Me,0.5158090591,1
Frederick_III_of_Denmark,isMarriedTo,Sophie_Amalie_of_Brunswick-Lüneburg,0.6912422776,1
Alfonso_XII_of_Spain,isMarriedTo,Mercedes_of_Orléans,0.4390053749,1
Alan_Alda,directed,Sweet_Liberty,0.4276426435,1
Dorothy_Dandridge,isMarriedTo,Harold_Nicholas,0.5376739502,1
Bert_Haanstra,directed,Mirror_of_Holland,0.4276425838,1
Adriana_Cramer,isMarriedTo,Rex_Balsom,0.3425098956,1
Max_Jacoby,directed,Dust__2009_film_,0.3838253021,1
John_Wayne,isMarriedTo,Esperanza_Baur,0.7559564114,1
Steve_Case,isMarriedTo,Jean_Case,0.4538693428,1
Alan_Keen,isMarriedTo,Ann_Keen,0.4154526591,1
Peter_Sollett,directed,Raising_Victor_Vargas,0.3425099254,1
Tom_Hanks,isMarriedTo,Rita_Wilson,0.4276425838,1
